NAME	GS<br> follow link to MSigDB	GS DETAILS	SIZE	ES	NES	NOM p-val	FDR q-val	FWER p-val	RANK AT MAX	LEADING EDGE	
E2F1_Q6	E2F1_Q6	Details ...	203	-0.63562244	-2.700936	0.0	0.0	0.0	1894	tags=52%, list=16%, signal=61%	
E2F1DP1_01	E2F1DP1_01	Details ...	199	-0.62269497	-2.6046083	0.0	0.0	0.0	1894	tags=51%, list=16%, signal=60%	
E2F_Q4	E2F_Q4	Details ...	205	-0.6144838	-2.604136	0.0	0.0	0.0	1894	tags=48%, list=16%, signal=56%	
E2F4DP2_01	E2F4DP2_01	Details ...	199	-0.62269497	-2.6039443	0.0	0.0	0.0	1894	tags=51%, list=16%, signal=60%	
E2F_02	E2F_02	Details ...	200	-0.62127167	-2.6000094	0.0	0.0	0.0	1894	tags=51%, list=16%, signal=60%	
E2F1DP2_01	E2F1DP2_01	Details ...	199	-0.62269497	-2.5943768	0.0	0.0	0.0	1894	tags=51%, list=16%, signal=60%	
E2F4DP1_01	E2F4DP1_01	Details ...	203	-0.618005	-2.582506	0.0	0.0	0.0	1894	tags=51%, list=16%, signal=60%	
SGCGSSAAA_E2F1DP2_01	SGCGSSAAA_E2F1DP2_01	Details ...	145	-0.6402609	-2.5806363	0.0	0.0	0.0	1941	tags=55%, list=16%, signal=65%	
E2F_Q6	E2F_Q6	Details ...	201	-0.6168288	-2.5761762	0.0	0.0	0.0	1894	tags=49%, list=16%, signal=57%	
E2F_Q6_01	E2F_Q6_01	Details ...	195	-0.6066106	-2.5077808	0.0	0.0	0.0	1568	tags=41%, list=13%, signal=46%	
E2F1DP1RB_01	E2F1DP1RB_01	Details ...	196	-0.5949229	-2.4900444	0.0	0.0	0.0	1894	tags=46%, list=16%, signal=54%	
E2F1_Q6_01	E2F1_Q6_01	Details ...	211	-0.59127617	-2.4820962	0.0	0.0	0.0	1894	tags=46%, list=16%, signal=54%	
E2F_03	E2F_03	Details ...	205	-0.59064895	-2.4761958	0.0	0.0	0.0	1983	tags=46%, list=17%, signal=55%	
E2F_Q3_01	E2F_Q3_01	Details ...	194	-0.5945819	-2.4706366	0.0	0.0	0.0	1689	tags=44%, list=14%, signal=50%	
E2F1_Q4_01	E2F1_Q4_01	Details ...	190	-0.5939689	-2.4573467	0.0	0.0	0.0	1689	tags=43%, list=14%, signal=49%	
E2F_Q4_01	E2F_Q4_01	Details ...	202	-0.58809006	-2.4550252	0.0	0.0	0.0	1642	tags=42%, list=14%, signal=47%	
E2F1_Q3	E2F1_Q3	Details ...	203	-0.5838981	-2.44449	0.0	0.0	0.0	1894	tags=46%, list=16%, signal=53%	
E2F_Q3	E2F_Q3	Details ...	181	-0.58572876	-2.44372	0.0	0.0	0.0	1502	tags=40%, list=13%, signal=45%	
MYCMAX_01	MYCMAX_01	Details ...	182	-0.55495095	-2.2874134	0.0	0.0	0.0	2026	tags=42%, list=17%, signal=50%	
E2F1_Q4	E2F1_Q4	Details ...	212	-0.52372134	-2.200515	0.0	0.0	0.0	1541	tags=31%, list=13%, signal=35%	
KTGGYRSGAA_UNKNOWN	KTGGYRSGAA_UNKNOWN		66	-0.6005951	-2.1464632	0.0	0.0	0.0	1210	tags=35%, list=10%, signal=39%	
E2F_01	E2F_01		57	-0.59178853	-2.0808253	0.0	4.3879387E-5	0.001	1552	tags=47%, list=13%, signal=54%	
USF_C	USF_C		206	-0.4830115	-2.0348883	0.0	1.2813209E-4	0.003	1861	tags=33%, list=15%, signal=39%	
E2F1_Q3_01	E2F1_Q3_01		196	-0.46652693	-1.9417465	0.0	0.0010142131	0.025	1485	tags=29%, list=12%, signal=32%	
YYCATTCAWW_UNKNOWN	YYCATTCAWW_UNKNOWN		139	-0.4878	-1.9388405	0.0	0.0010885507	0.028	1697	tags=32%, list=14%, signal=37%	
EGR3_01	EGR3_01		61	-0.54859835	-1.930014	0.0	0.0011991923	0.032	522	tags=18%, list=4%, signal=19%	
EPC1_TARGET_GENES	EPC1_TARGET_GENES		192	-0.46798915	-1.9246151	0.0	0.0013757353	0.038	3245	tags=44%, list=27%, signal=59%	
PPARGC1A_TARGET_GENES	PPARGC1A_TARGET_GENES		77	-0.4977549	-1.8430207	0.0	0.004720922	0.132	1527	tags=34%, list=13%, signal=38%	
BRN2_01	BRN2_01		153	-0.44771737	-1.8179239	0.0	0.0061829137	0.176	1784	tags=27%, list=15%, signal=32%	
SRF_01	SRF_01		32	-0.5782524	-1.7944773	0.0	0.0080280155	0.221	517	tags=22%, list=4%, signal=23%	
MYCMAX_B	MYCMAX_B		197	-0.42824537	-1.7891353	0.0	0.008304472	0.234	1954	tags=31%, list=16%, signal=36%	
NMYC_01	NMYC_01		205	-0.4234746	-1.7669749	0.0	0.0107438145	0.298	2792	tags=40%, list=23%, signal=51%	
NFY_Q6	NFY_Q6		181	-0.431349	-1.7601266	0.0	0.01133786	0.321	1616	tags=26%, list=13%, signal=30%	
HSF2_TARGET_GENES	HSF2_TARGET_GENES		189	-0.41970614	-1.753463	0.0	0.011580358	0.331	2030	tags=31%, list=17%, signal=37%	
NFY_01	NFY_01		196	-0.41123223	-1.7364938	0.0	0.0139069	0.392	1340	tags=20%, list=11%, signal=23%	
RRCCGTTA_UNKNOWN	RRCCGTTA_UNKNOWN		71	-0.47614938	-1.718727	0.003030303	0.016465351	0.445	2427	tags=38%, list=20%, signal=47%	
ZNF777_TARGET_GENES	ZNF777_TARGET_GENES		34	-0.5504942	-1.7107836	0.0034482758	0.017551169	0.479	3236	tags=62%, list=27%, signal=84%	
CCAWWNAAGG_SRF_Q4	CCAWWNAAGG_SRF_Q4		53	-0.5016475	-1.7061877	0.0031298904	0.017991448	0.501	1492	tags=28%, list=12%, signal=32%	
MYC_Q2	MYC_Q2		132	-0.43085757	-1.70349	0.0	0.018058358	0.513	2745	tags=39%, list=23%, signal=50%	
HOXC11_TARGET_GENES	HOXC11_TARGET_GENES		38	-0.526047	-1.7016089	0.0065681445	0.01792692	0.52	1815	tags=34%, list=15%, signal=40%	
ASXL2_TARGET_GENES	ASXL2_TARGET_GENES		18	-0.61921835	-1.6570319	0.019298246	0.029334463	0.713	2036	tags=44%, list=17%, signal=53%	
FOXR2_TARGET_GENES	FOXR2_TARGET_GENES		194	-0.3955937	-1.6488112	0.0	0.03143648	0.747	3805	tags=48%, list=32%, signal=70%	
PSMB5_TARGET_GENES	PSMB5_TARGET_GENES		233	-0.3867872	-1.6480336	0.0	0.030841388	0.751	1878	tags=28%, list=16%, signal=33%	
ARNT_01	ARNT_01		201	-0.38289165	-1.6141399	0.0	0.04368848	0.872	2329	tags=27%, list=19%, signal=33%	
TTCNRGNNNNTTC_HSF_Q6	TTCNRGNNNNTTC_HSF_Q6		111	-0.41970393	-1.606421	0.0014534884	0.046257425	0.893	1527	tags=29%, list=13%, signal=33%	
EGR1_01	EGR1_01		212	-0.3826883	-1.6017799	0.001345895	0.04735436	0.901	1814	tags=21%, list=15%, signal=25%	
MAX_01	MAX_01		204	-0.37906548	-1.5880736	0.0	0.053608257	0.927	2041	tags=28%, list=17%, signal=33%	
EGR2_01	EGR2_01		139	-0.39903945	-1.5795858	0.0014326648	0.057793092	0.941	1814	tags=23%, list=15%, signal=27%	
GCGSCMNTTT_UNKNOWN	GCGSCMNTTT_UNKNOWN		59	-0.4511521	-1.5708656	0.010590015	0.061679445	0.954	2288	tags=32%, list=19%, signal=40%	
CCGNMNNTNACG_UNKNOWN	CCGNMNNTNACG_UNKNOWN		67	-0.43916258	-1.5701628	0.010819165	0.06093826	0.956	1291	tags=21%, list=11%, signal=23%	
MYCMAX_02	MYCMAX_02		185	-0.37853456	-1.5682931	0.0027063598	0.060967177	0.956	2373	tags=35%, list=20%, signal=43%	
ZNF433_TARGET_GENES	ZNF433_TARGET_GENES		36	-0.4978381	-1.5682436	0.020667726	0.05979473	0.956	1591	tags=25%, list=13%, signal=29%	
ATXN7L3_TARGET_GENES	ATXN7L3_TARGET_GENES		239	-0.3652399	-1.563187	0.0	0.061599102	0.961	2124	tags=28%, list=18%, signal=33%	
PAX_Q6	PAX_Q6		171	-0.37868533	-1.5575291	0.002688172	0.0639419	0.968	1723	tags=23%, list=14%, signal=27%	
CDPCR3_01	CDPCR3_01		32	-0.4912404	-1.5495642	0.027874565	0.0681669	0.977	3054	tags=50%, list=25%, signal=67%	
NFY_Q6_01	NFY_Q6_01		197	-0.36995068	-1.5393671	0.0013831259	0.073236845	0.985	1979	tags=24%, list=16%, signal=28%	
USF2_Q6	USF2_Q6		185	-0.37102193	-1.5350424	0.0013850415	0.07530989	0.99	2220	tags=27%, list=18%, signal=33%	
RBL1_TARGET_GENES	RBL1_TARGET_GENES		37	-0.46995795	-1.5251821	0.03150912	0.08211581	0.996	2362	tags=30%, list=20%, signal=37%	
LXR_Q3	LXR_Q3		53	-0.45178065	-1.5160573	0.025559105	0.088653445	0.998	752	tags=13%, list=6%, signal=14%	
AP1_Q4	AP1_Q4		172	-0.36855125	-1.5030913	0.0055788006	0.09792528	0.999	2411	tags=27%, list=20%, signal=34%	
HNF3_Q6	HNF3_Q6		107	-0.38538677	-1.5005962	0.010719755	0.09859486	0.999	1785	tags=23%, list=15%, signal=27%	
NFY_C	NFY_C		183	-0.36212772	-1.4985077	0.0027210885	0.09891954	0.999	1665	tags=22%, list=14%, signal=25%	
SRF_Q6	SRF_Q6		155	-0.36635944	-1.484958	0.0044182623	0.11029507	0.999	1555	tags=21%, list=13%, signal=23%	
GCGNNANTTCC_UNKNOWN	GCGNNANTTCC_UNKNOWN		110	-0.3787245	-1.4818466	0.010510511	0.11225577	0.999	2270	tags=26%, list=19%, signal=32%	
COMP1_01	COMP1_01		74	-0.4095717	-1.4752631	0.024922118	0.117332056	0.999	2044	tags=28%, list=17%, signal=34%	
HIF1_Q3	HIF1_Q3		181	-0.35239378	-1.468007	0.0057471264	0.1239112	1.0	2930	tags=38%, list=24%, signal=49%	
CHAMP1_TARGET_GENES	CHAMP1_TARGET_GENES		138	-0.3688859	-1.4666574	0.014025246	0.123888016	1.0	2092	tags=25%, list=17%, signal=29%	
ALPHACP1_01	ALPHACP1_01		185	-0.35705492	-1.4648523	0.0041208793	0.124133706	1.0	1187	tags=16%, list=10%, signal=18%	
CIC_TARGET_GENES	CIC_TARGET_GENES		310	-0.33642218	-1.4588871	0.005141388	0.12931591	1.0	1911	tags=23%, list=16%, signal=26%	
GTF2A2_TARGET_GENES	GTF2A2_TARGET_GENES		380	-0.32589254	-1.4515808	0.0	0.13751376	1.0	3064	tags=34%, list=26%, signal=45%	
MYBL1_TARGET_GENES	MYBL1_TARGET_GENES		139	-0.36185694	-1.4506308	0.012747875	0.13686977	1.0	1639	tags=20%, list=14%, signal=23%	
MCRS1_TARGET_GENES	MCRS1_TARGET_GENES		30	-0.47123432	-1.44642	0.06386555	0.14033756	1.0	2631	tags=47%, list=22%, signal=60%	
AHRARNT_01	AHRARNT_01		104	-0.3758483	-1.434756	0.021929825	0.1554103	1.0	1225	tags=21%, list=10%, signal=23%	
STAT5A_02	STAT5A_02		91	-0.3837211	-1.4322448	0.023121387	0.15677737	1.0	1465	tags=21%, list=12%, signal=24%	
STAT1_03	STAT1_03		179	-0.34531108	-1.4307051	0.010825439	0.15684065	1.0	1503	tags=20%, list=13%, signal=22%	
STAT6_01	STAT6_01		173	-0.34891817	-1.4283284	0.0056818184	0.15833189	1.0	1690	tags=24%, list=14%, signal=27%	
FOX_Q2	FOX_Q2		129	-0.35981774	-1.4238819	0.019635344	0.16278382	1.0	2761	tags=36%, list=23%, signal=46%	
HMGB2_TARGET_GENES	HMGB2_TARGET_GENES		295	-0.32697976	-1.4227442	0.007614213	0.1624272	1.0	1976	tags=22%, list=16%, signal=26%	
TATA_01	TATA_01		104	-0.36355263	-1.4221267	0.02406015	0.16128598	1.0	662	tags=14%, list=6%, signal=15%	
WYAAANNRNNNGCG_UNKNOWN	WYAAANNRNNNGCG_UNKNOWN		47	-0.42401153	-1.4211004	0.047540985	0.16060862	1.0	2190	tags=28%, list=18%, signal=34%	
ZNF667_TARGET_GENES	ZNF667_TARGET_GENES		120	-0.3645254	-1.4194247	0.019174041	0.16124046	1.0	3226	tags=33%, list=27%, signal=45%	
MCAATNNNNNGCG_UNKNOWN	MCAATNNNNNGCG_UNKNOWN		70	-0.39419094	-1.413959	0.045602605	0.16777559	1.0	1542	tags=24%, list=13%, signal=28%	
RFX7_TARGET_GENES	RFX7_TARGET_GENES		419	-0.3126535	-1.39464	0.0	0.19764978	1.0	2558	tags=24%, list=21%, signal=30%	
YGCGYRCGC_UNKNOWN	YGCGYRCGC_UNKNOWN		267	-0.32437262	-1.3920933	0.0038412292	0.20024589	1.0	2727	tags=30%, list=23%, signal=38%	
PER1_TARGET_GENES	PER1_TARGET_GENES		21	-0.4932985	-1.3915337	0.08609272	0.19886047	1.0	4190	tags=76%, list=35%, signal=117%	
LYF1_01	LYF1_01		168	-0.33890957	-1.3890562	0.019830028	0.20110135	1.0	1516	tags=20%, list=13%, signal=23%	
GCTNWTTGK_UNKNOWN	GCTNWTTGK_UNKNOWN		210	-0.3328107	-1.3861718	0.017473118	0.20414566	1.0	1210	tags=14%, list=10%, signal=15%	
KMCATNNWGGA_UNKNOWN	KMCATNNWGGA_UNKNOWN		75	-0.38003913	-1.3851967	0.03974563	0.20344248	1.0	1871	tags=25%, list=16%, signal=30%	
WHN_B	WHN_B		182	-0.33681515	-1.3823102	0.019662922	0.20667993	1.0	1679	tags=23%, list=14%, signal=26%	
STAT1_02	STAT1_02		200	-0.3328654	-1.3742977	0.010854817	0.22003433	1.0	1944	tags=21%, list=16%, signal=24%	
USF_01	USF_01		206	-0.327227	-1.3740137	0.013642564	0.21813188	1.0	2309	tags=24%, list=19%, signal=29%	
BACH1_01	BACH1_01		165	-0.3357128	-1.3702663	0.019662922	0.22262491	1.0	1689	tags=19%, list=14%, signal=22%	
NR1I2_TARGET_GENES	NR1I2_TARGET_GENES		278	-0.31757754	-1.3688374	0.011523687	0.2232351	1.0	2625	tags=28%, list=22%, signal=36%	
GATA6_01	GATA6_01		141	-0.3393386	-1.3638543	0.028735632	0.23086837	1.0	1690	tags=23%, list=14%, signal=27%	
AP1_Q6	AP1_Q6		161	-0.3359284	-1.3551042	0.028649386	0.24690212	1.0	1744	tags=19%, list=15%, signal=22%	
TCCCRNNRTGC_UNKNOWN	TCCCRNNRTGC_UNKNOWN		186	-0.32469794	-1.3537538	0.03410641	0.2471224	1.0	1642	tags=19%, list=14%, signal=22%	
ELK1_02	ELK1_02		221	-0.3209045	-1.3518809	0.01589404	0.24887405	1.0	2756	tags=24%, list=23%, signal=31%	
ZZZ3_TARGET_GENES	ZZZ3_TARGET_GENES		104	-0.35161808	-1.3436407	0.057488654	0.2640984	1.0	3358	tags=38%, list=28%, signal=53%	
MYB_Q5_01	MYB_Q5_01		172	-0.3289609	-1.3394256	0.030812325	0.27125448	1.0	1320	tags=16%, list=11%, signal=18%	
TGASTMAGC_NFE2_01	TGASTMAGC_NFE2_01		119	-0.34528613	-1.3385248	0.041968163	0.27066937	1.0	2411	tags=27%, list=20%, signal=33%	
IRX3_TARGET_GENES	IRX3_TARGET_GENES		45	-0.41440573	-1.338287	0.08503937	0.2685605	1.0	2029	tags=31%, list=17%, signal=37%	
SRF_Q4	SRF_Q4		154	-0.33303007	-1.3356525	0.04519774	0.2719779	1.0	1747	tags=21%, list=15%, signal=25%	
GTF2E2_TARGET_GENES	GTF2E2_TARGET_GENES		297	-0.30670318	-1.3306442	0.013977128	0.28133285	1.0	2196	tags=24%, list=18%, signal=29%	
TBX1_TARGET_GENES	TBX1_TARGET_GENES		124	-0.33704266	-1.3301984	0.05652174	0.2796056	1.0	2160	tags=24%, list=18%, signal=29%	
OCT1_05	OCT1_05		138	-0.33334467	-1.3272605	0.056338027	0.28360397	1.0	1689	tags=26%, list=14%, signal=30%	
HNF1_C	HNF1_C		129	-0.3355803	-1.3267854	0.047687862	0.2820677	1.0	989	tags=16%, list=8%, signal=18%	
STAT3_02	STAT3_02		99	-0.35096523	-1.3258396	0.062038403	0.2815589	1.0	1326	tags=16%, list=11%, signal=18%	
TAANNYSGCG_UNKNOWN	TAANNYSGCG_UNKNOWN		70	-0.36842948	-1.3227699	0.08227848	0.28609526	1.0	2180	tags=27%, list=18%, signal=33%	
USF_Q6_01	USF_Q6_01		186	-0.31976792	-1.322413	0.039835166	0.28426924	1.0	1991	tags=24%, list=17%, signal=28%	
NRF1_Q6	NRF1_Q6		228	-0.31177163	-1.3219924	0.021447722	0.2825265	1.0	2739	tags=26%, list=23%, signal=33%	
AP1FJ_Q2	AP1FJ_Q2		172	-0.3216707	-1.3143514	0.041778974	0.29843542	1.0	2411	tags=23%, list=20%, signal=29%	
CEBP_Q2	CEBP_Q2		149	-0.32667404	-1.3126309	0.04908836	0.2999823	1.0	2535	tags=30%, list=21%, signal=37%	
TTCYRGAA_UNKNOWN	TTCYRGAA_UNKNOWN		214	-0.30973366	-1.311673	0.0330251	0.29967305	1.0	2548	tags=30%, list=21%, signal=38%	
MYAATNNNNNNNGGC_UNKNOWN	MYAATNNNNNNNGGC_UNKNOWN		82	-0.35515237	-1.3111908	0.07055215	0.2981846	1.0	998	tags=16%, list=8%, signal=17%	
CEBP_Q2_01	CEBP_Q2_01		162	-0.3226886	-1.3086388	0.0373444	0.30183837	1.0	1413	tags=17%, list=12%, signal=19%	
ATF5_TARGET_GENES	ATF5_TARGET_GENES		338	-0.29862306	-1.3051636	0.02241594	0.3080148	1.0	3424	tags=38%, list=29%, signal=52%	
USF_Q6	USF_Q6		205	-0.31492138	-1.3051267	0.04283802	0.30553982	1.0	2362	tags=26%, list=20%, signal=32%	
DNMT1_TARGET_GENES	DNMT1_TARGET_GENES		145	-0.3225165	-1.304148	0.051502146	0.30552188	1.0	1868	tags=24%, list=16%, signal=28%	
AP1_01	AP1_01		160	-0.31888947	-1.3040116	0.038681947	0.3033464	1.0	1744	tags=22%, list=15%, signal=25%	
DMRT1_TARGET_GENES	DMRT1_TARGET_GENES		325	-0.29559097	-1.3038268	0.021197008	0.30114397	1.0	2028	tags=21%, list=17%, signal=25%	
PAX3_B	PAX3_B		69	-0.3572287	-1.3030875	0.068333335	0.3003985	1.0	2163	tags=32%, list=18%, signal=39%	
PAX2_01	PAX2_01		38	-0.40287906	-1.301549	0.12357724	0.30217376	1.0	1574	tags=24%, list=13%, signal=27%	
ATCMNTCCGY_UNKNOWN	ATCMNTCCGY_UNKNOWN		40	-0.40553328	-1.3009629	0.11589404	0.3012577	1.0	2856	tags=35%, list=24%, signal=46%	
NGFIC_01	NGFIC_01		192	-0.31116685	-1.3008115	0.03994674	0.29920128	1.0	1814	tags=19%, list=15%, signal=22%	
SRF_C	SRF_C		140	-0.32463452	-1.2998278	0.056213018	0.299325	1.0	1492	tags=18%, list=12%, signal=20%	
CMYB_01	CMYB_01		199	-0.31234396	-1.2990277	0.04723347	0.29896048	1.0	2372	tags=26%, list=20%, signal=31%	
SRPK1_TARGET_GENES	SRPK1_TARGET_GENES		285	-0.30103835	-1.2945207	0.031007752	0.3079083	1.0	3275	tags=30%, list=27%, signal=40%	
CCAATNNSNNNGCG_UNKNOWN	CCAATNNSNNNGCG_UNKNOWN		48	-0.3892366	-1.2876948	0.11968504	0.32272422	1.0	2271	tags=40%, list=19%, signal=49%	
RORA_TARGET_GENES	RORA_TARGET_GENES		221	-0.30243352	-1.2817466	0.025299601	0.33631477	1.0	3317	tags=33%, list=28%, signal=45%	
HOXD11_TARGET_GENES	HOXD11_TARGET_GENES		112	-0.3293944	-1.281711	0.07153502	0.33381826	1.0	508	tags=12%, list=4%, signal=12%	
WGTTNNNNNAAA_UNKNOWN	WGTTNNNNNAAA_UNKNOWN		345	-0.28912705	-1.2804387	0.03213844	0.33481467	1.0	2099	tags=23%, list=17%, signal=27%	
HSF1_01	HSF1_01		175	-0.31264976	-1.2796023	0.0707483	0.33428735	1.0	1690	tags=22%, list=14%, signal=26%	
GGCKCATGS_UNKNOWN	GGCKCATGS_UNKNOWN		47	-0.3787583	-1.2734412	0.12841092	0.3488997	1.0	3905	tags=40%, list=33%, signal=60%	
HNF3ALPHA_Q6	HNF3ALPHA_Q6		134	-0.3214308	-1.2682817	0.073509015	0.36057287	1.0	2353	tags=31%, list=20%, signal=38%	
GATA1_02	GATA1_02		140	-0.31564954	-1.267272	0.0687237	0.3608365	1.0	1283	tags=19%, list=11%, signal=21%	
ZBED4_TARGET_GENES	ZBED4_TARGET_GENES		148	-0.31453028	-1.2665607	0.08017493	0.3599908	1.0	1856	tags=18%, list=15%, signal=21%	
ZNF548_TARGET_GENES	ZNF548_TARGET_GENES		33	-0.41122362	-1.2663096	0.14808652	0.35805884	1.0	785	tags=15%, list=7%, signal=16%	
CEBPA_01	CEBPA_01		162	-0.30907258	-1.2652098	0.06868132	0.35845476	1.0	2099	tags=25%, list=17%, signal=30%	
ZNF532_TARGET_GENES	ZNF532_TARGET_GENES		53	-0.36927384	-1.2640074	0.1131783	0.35935384	1.0	3043	tags=38%, list=25%, signal=50%	
ATF6_01	ATF6_01		91	-0.3356909	-1.2631658	0.09270517	0.35905457	1.0	1210	tags=15%, list=10%, signal=17%	
HOXA10_TARGET_GENES	HOXA10_TARGET_GENES		222	-0.29636446	-1.2623913	0.066755675	0.3585842	1.0	2407	tags=25%, list=20%, signal=31%	
CREBP1_Q2	CREBP1_Q2		193	-0.29967242	-1.2565051	0.06284153	0.37282017	1.0	1543	tags=17%, list=13%, signal=19%	
PITX1_TARGET_GENES	PITX1_TARGET_GENES		283	-0.29185763	-1.2544454	0.055699483	0.37624046	1.0	2254	tags=23%, list=19%, signal=28%	
KCCGNSWTTT_UNKNOWN	KCCGNSWTTT_UNKNOWN		88	-0.33508897	-1.2525342	0.12518194	0.37911308	1.0	1948	tags=24%, list=16%, signal=28%	
WWTAAGGC_UNKNOWN	WWTAAGGC_UNKNOWN		95	-0.32946667	-1.2510314	0.11532386	0.3810031	1.0	2373	tags=27%, list=20%, signal=34%	
GCCATNTTG_YY1_Q6	GCCATNTTG_YY1_Q6		377	-0.28008875	-1.2453964	0.043165468	0.3952935	1.0	3471	tags=32%, list=29%, signal=44%	
PBX1_01	PBX1_01		139	-0.3116939	-1.2424891	0.1071953	0.40178287	1.0	2341	tags=29%, list=19%, signal=35%	
GATA4_Q3	GATA4_Q3		149	-0.30823264	-1.2396362	0.09383754	0.40794602	1.0	1646	tags=17%, list=14%, signal=20%	
HIF1_Q5	HIF1_Q5		189	-0.2973705	-1.2377295	0.10082873	0.41111735	1.0	2792	tags=34%, list=23%, signal=44%	
CDP_02	CDP_02		59	-0.35338724	-1.2373714	0.13539967	0.40946847	1.0	1238	tags=19%, list=10%, signal=21%	
TEF_Q6	TEF_Q6		170	-0.3029652	-1.2364213	0.08	0.40948775	1.0	2075	tags=20%, list=17%, signal=24%	
ATF_B	ATF_B		131	-0.31475872	-1.2315924	0.09763314	0.42171988	1.0	2052	tags=23%, list=17%, signal=27%	
LCORL_TARGET_GENES	LCORL_TARGET_GENES		318	-0.28248692	-1.2311106	0.052767053	0.42054623	1.0	2730	tags=27%, list=23%, signal=34%	
AACWWCAANK_UNKNOWN	AACWWCAANK_UNKNOWN		119	-0.3149524	-1.2305719	0.11627907	0.41952392	1.0	2903	tags=29%, list=24%, signal=38%	
YNGTTNNNATT_UNKNOWN	YNGTTNNNATT_UNKNOWN		240	-0.2881928	-1.2305673	0.08203125	0.41683647	1.0	2065	tags=23%, list=17%, signal=27%	
CREBP1_01	CREBP1_01		131	-0.31263202	-1.2291216	0.099579245	0.41867772	1.0	896	tags=11%, list=7%, signal=12%	
ZNF362_TARGET_GENES	ZNF362_TARGET_GENES		455	-0.271849	-1.2246547	0.042735044	0.43020204	1.0	2427	tags=22%, list=20%, signal=27%	
CGTSACG_PAX3_B	CGTSACG_PAX3_B		117	-0.3122234	-1.223668	0.12173913	0.4306864	1.0	1662	tags=17%, list=14%, signal=20%	
GCCNNNWTAAR_UNKNOWN	GCCNNNWTAAR_UNKNOWN		101	-0.3222988	-1.2225876	0.14837712	0.43152624	1.0	2483	tags=25%, list=21%, signal=31%	
CHOP_01	CHOP_01		161	-0.3000275	-1.221574	0.10562414	0.4322625	1.0	2041	tags=27%, list=17%, signal=32%	
PHF21A_TARGET_GENES	PHF21A_TARGET_GENES		218	-0.29056957	-1.2207522	0.09052925	0.43196875	1.0	2124	tags=21%, list=18%, signal=25%	
TTAYRTAA_E4BP4_01	TTAYRTAA_E4BP4_01		177	-0.30102223	-1.2198155	0.09215956	0.4323655	1.0	1516	tags=16%, list=13%, signal=18%	
ZNF236_TARGET_GENES	ZNF236_TARGET_GENES		171	-0.2982886	-1.2195821	0.1022409	0.4303452	1.0	2915	tags=32%, list=24%, signal=42%	
PAX8_01	PAX8_01		27	-0.40661234	-1.2189655	0.20103987	0.42960417	1.0	583	tags=22%, list=5%, signal=23%	
ATF_01	ATF_01		189	-0.29392588	-1.2168086	0.10382514	0.4338827	1.0	2017	tags=20%, list=17%, signal=23%	
MYB_Q3	MYB_Q3		172	-0.29601774	-1.2166982	0.09392265	0.43156913	1.0	1308	tags=15%, list=11%, signal=16%	
TATA_C	TATA_C		153	-0.30180442	-1.2164224	0.11312849	0.42987385	1.0	1262	tags=18%, list=11%, signal=20%	
ZSCAN5C_TARGET_GENES	ZSCAN5C_TARGET_GENES		109	-0.31177807	-1.2143172	0.13245997	0.43383053	1.0	1367	tags=16%, list=11%, signal=17%	
YRCCAKNNGNCGC_UNKNOWN	YRCCAKNNGNCGC_UNKNOWN		44	-0.371289	-1.2137347	0.18954249	0.43311346	1.0	1585	tags=23%, list=13%, signal=26%	
RGAANNTTC_HSF1_01	RGAANNTTC_HSF1_01		293	-0.2799707	-1.2132467	0.08354431	0.43230286	1.0	1958	tags=23%, list=16%, signal=26%	
GGCNNMSMYNTTG_UNKNOWN	GGCNNMSMYNTTG_UNKNOWN		63	-0.3426804	-1.2106736	0.18408737	0.4380463	1.0	1773	tags=19%, list=15%, signal=22%	
NFAT_Q4_01	NFAT_Q4_01		155	-0.301652	-1.2084515	0.12809917	0.44259286	1.0	2008	tags=26%, list=17%, signal=31%	
RUVBL2_TARGET_GENES	RUVBL2_TARGET_GENES		33	-0.38709244	-1.2056078	0.20132013	0.4494499	1.0	2509	tags=36%, list=21%, signal=46%	
PIT1_Q6	PIT1_Q6		143	-0.30149347	-1.2012025	0.121751025	0.4617394	1.0	1871	tags=23%, list=16%, signal=27%	
HMGIY_Q6	HMGIY_Q6		146	-0.29885277	-1.197428	0.14522822	0.47158962	1.0	1954	tags=23%, list=16%, signal=27%	
RYAAAKNNNNNNTTGW_UNKNOWN	RYAAAKNNNNNNTTGW_UNKNOWN		58	-0.3424577	-1.1950269	0.1987076	0.4770243	1.0	2051	tags=29%, list=17%, signal=35%	
CAGNWMCNNNGAC_UNKNOWN	CAGNWMCNNNGAC_UNKNOWN		34	-0.3821148	-1.1939188	0.21452703	0.4782075	1.0	1825	tags=29%, list=15%, signal=35%	
BACH2_01	BACH2_01		169	-0.28789574	-1.1906003	0.13305898	0.4864995	1.0	1813	tags=18%, list=15%, signal=21%	
TMTCGCGANR_UNKNOWN	TMTCGCGANR_UNKNOWN		147	-0.29848295	-1.1901727	0.14387465	0.48534563	1.0	4088	tags=37%, list=34%, signal=56%	
NRSF_01	NRSF_01		33	-0.3802365	-1.187136	0.21818182	0.49319866	1.0	875	tags=24%, list=7%, signal=26%	
CREB_02	CREB_02		201	-0.28618625	-1.186643	0.1285521	0.4921743	1.0	3241	tags=30%, list=27%, signal=41%	
CEBPDELTA_Q6	CEBPDELTA_Q6		146	-0.2943691	-1.1861545	0.1513437	0.4911446	1.0	1574	tags=20%, list=13%, signal=23%	
CGGAARNGGCNG_UNKNOWN	CGGAARNGGCNG_UNKNOWN		52	-0.3528409	-1.1856478	0.22	0.49021322	1.0	1806	tags=17%, list=15%, signal=20%	
ATF1_Q6	ATF1_Q6		145	-0.29398394	-1.181959	0.15905948	0.50028455	1.0	1514	tags=18%, list=13%, signal=20%	
GAANYNYGACNY_UNKNOWN	GAANYNYGACNY_UNKNOWN		50	-0.34878495	-1.1811979	0.20552148	0.50030756	1.0	2058	tags=30%, list=17%, signal=36%	
WTGAAAT_UNKNOWN	WTGAAAT_UNKNOWN		354	-0.26768553	-1.1811507	0.09002433	0.4977802	1.0	2335	tags=24%, list=19%, signal=29%	
FOXQ1_TARGET_GENES	FOXQ1_TARGET_GENES		37	-0.37161458	-1.1788143	0.2334437	0.5032315	1.0	2931	tags=38%, list=24%, signal=50%	
STAT5A_03	STAT5A_03		170	-0.28982297	-1.1785955	0.14993122	0.5013238	1.0	1726	tags=20%, list=14%, signal=23%	
IGLV5_37_TARGET_GENES	IGLV5_37_TARGET_GENES		327	-0.26887092	-1.1775467	0.111386135	0.50245905	1.0	1716	tags=20%, list=14%, signal=23%	
PPARA_02	PPARA_02		86	-0.3156474	-1.1775113	0.18639053	0.49992704	1.0	2596	tags=27%, list=22%, signal=34%	
DLX6_TARGET_GENES	DLX6_TARGET_GENES		463	-0.26085058	-1.1774365	0.08994083	0.497561	1.0	2987	tags=28%, list=25%, signal=35%	
AP1_Q2	AP1_Q2		159	-0.2873619	-1.1771173	0.15089163	0.49595776	1.0	2411	tags=23%, list=20%, signal=28%	
ZF5_01	ZF5_01		175	-0.28511497	-1.1761253	0.14664805	0.49697256	1.0	2792	tags=30%, list=23%, signal=38%	
GGCNKCCATNK_UNKNOWN	GGCNKCCATNK_UNKNOWN		105	-0.30721927	-1.1747154	0.18882175	0.49910495	1.0	1919	tags=21%, list=16%, signal=25%	
HAND1E47_01	HAND1E47_01		153	-0.29203594	-1.1738338	0.14893617	0.49951175	1.0	1410	tags=14%, list=12%, signal=15%	
FOXJ2_01	FOXJ2_01		117	-0.29914528	-1.1735826	0.17781155	0.49785745	1.0	2278	tags=24%, list=19%, signal=29%	
ZFP82_TARGET_GENES	ZFP82_TARGET_GENES		28	-0.38824815	-1.173147	0.26094276	0.4967058	1.0	1648	tags=18%, list=14%, signal=21%	
FREAC7_01	FREAC7_01		121	-0.30134165	-1.1712916	0.1919192	0.5005198	1.0	1364	tags=13%, list=11%, signal=15%	
ARNT_02	ARNT_02		203	-0.2813626	-1.1680118	0.1398892	0.50892586	1.0	1652	tags=17%, list=14%, signal=19%	
ZNF784_TARGET_GENES	ZNF784_TARGET_GENES		347	-0.26402897	-1.1664839	0.12939699	0.5119426	1.0	3421	tags=33%, list=28%, signal=45%	
CCAWYNNGAAR_UNKNOWN	CCAWYNNGAAR_UNKNOWN		107	-0.3040478	-1.1620111	0.19970194	0.5253546	1.0	1350	tags=18%, list=11%, signal=20%	
ER_Q6	ER_Q6		182	-0.279392	-1.1599612	0.16208792	0.5300644	1.0	1538	tags=14%, list=13%, signal=16%	
AHR_01	AHR_01		48	-0.34698957	-1.1591606	0.23051947	0.5304037	1.0	2596	tags=25%, list=22%, signal=32%	
TBX3_TARGET_GENES	TBX3_TARGET_GENES		287	-0.27009702	-1.1581347	0.14002642	0.5314005	1.0	3135	tags=30%, list=26%, signal=40%	
SOX5_01	SOX5_01		178	-0.28111032	-1.1525857	0.16093536	0.5489537	1.0	2120	tags=23%, list=18%, signal=28%	
CREB_Q2_01	CREB_Q2_01		164	-0.28474554	-1.1512792	0.1733871	0.55121475	1.0	2097	tags=20%, list=17%, signal=24%	
PAX6_01	PAX6_01		70	-0.32086393	-1.150479	0.231454	0.55149317	1.0	1574	tags=23%, list=13%, signal=26%	
SQSTM1_TARGET_GENES	SQSTM1_TARGET_GENES		31	-0.37905303	-1.1462324	0.296741	0.5640553	1.0	754	tags=16%, list=6%, signal=17%	
KMT2D_TARGET_GENES	KMT2D_TARGET_GENES		487	-0.2528838	-1.145739	0.11821472	0.5631552	1.0	1934	tags=18%, list=16%, signal=21%	
HMX1_01	HMX1_01		30	-0.3763119	-1.1411067	0.26666668	0.577288	1.0	2163	tags=33%, list=18%, signal=41%	
CEBPB_02	CEBPB_02		166	-0.28208494	-1.1384659	0.20567375	0.5844837	1.0	1934	tags=23%, list=16%, signal=28%	
ACTWSNACTNY_UNKNOWN	ACTWSNACTNY_UNKNOWN		80	-0.3100718	-1.1362829	0.24165341	0.5898184	1.0	2609	tags=26%, list=22%, signal=33%	
CREBP1CJUN_01	CREBP1CJUN_01		192	-0.27029437	-1.136137	0.18875502	0.58752686	1.0	2097	tags=19%, list=17%, signal=23%	
PRDM12_TARGET_GENES	PRDM12_TARGET_GENES		74	-0.30984032	-1.1348611	0.2216906	0.58973527	1.0	1591	tags=19%, list=13%, signal=22%	
NKX62_Q2	NKX62_Q2		140	-0.28194156	-1.1345996	0.21327683	0.588018	1.0	1364	tags=17%, list=11%, signal=19%	
IK1_01	IK1_01		175	-0.27707294	-1.1335372	0.20027064	0.5892855	1.0	1413	tags=18%, list=12%, signal=20%	
HDAC8_TARGET_GENES	HDAC8_TARGET_GENES		99	-0.29805824	-1.1329476	0.24179104	0.58891344	1.0	3272	tags=34%, list=27%, signal=47%	
FOXG1_TARGET_GENES	FOXG1_TARGET_GENES		484	-0.24989235	-1.1323457	0.14030915	0.5883742	1.0	2089	tags=18%, list=17%, signal=21%	
AP1_Q6_01	AP1_Q6_01		152	-0.28161532	-1.1313884	0.22451791	0.58912426	1.0	1744	tags=17%, list=15%, signal=20%	
ARHGAP35_TARGET_GENES	ARHGAP35_TARGET_GENES		85	-0.3060384	-1.1310688	0.23303835	0.58774984	1.0	3043	tags=25%, list=25%, signal=33%	
ELF5_TARGET_GENES	ELF5_TARGET_GENES		370	-0.25787485	-1.1310555	0.15961306	0.58512574	1.0	3063	tags=28%, list=26%, signal=36%	
SOX9_B1	SOX9_B1		167	-0.27890897	-1.1296543	0.23521127	0.587646	1.0	1005	tags=14%, list=8%, signal=15%	
CREB_Q4_01	CREB_Q4_01		162	-0.27876738	-1.1293342	0.21306819	0.58624995	1.0	2196	tags=20%, list=18%, signal=25%	
ZNF213_TARGET_GENES	ZNF213_TARGET_GENES		452	-0.24916898	-1.1291358	0.15	0.5843951	1.0	3487	tags=32%, list=29%, signal=44%	
UBE2I_TARGET_GENES	UBE2I_TARGET_GENES		56	-0.32559964	-1.1279085	0.26986754	0.5862428	1.0	2865	tags=29%, list=24%, signal=37%	
CDP_01	CDP_01		49	-0.33787826	-1.1270773	0.26966292	0.58669275	1.0	1204	tags=16%, list=10%, signal=18%	
AREB6_04	AREB6_04		153	-0.27983093	-1.1270322	0.20965517	0.5842501	1.0	2259	tags=26%, list=19%, signal=32%	
PCGF6_TARGET_GENES	PCGF6_TARGET_GENES		56	-0.33473176	-1.126995	0.2608	0.5818423	1.0	1643	tags=20%, list=14%, signal=23%	
FOXO1_01	FOXO1_01		152	-0.27967265	-1.1259255	0.23755334	0.5831709	1.0	1442	tags=18%, list=12%, signal=21%	
TGCGCANK_UNKNOWN	TGCGCANK_UNKNOWN		457	-0.250041	-1.1256596	0.16586539	0.5816657	1.0	3154	tags=28%, list=26%, signal=36%	
LEF1_Q6	LEF1_Q6		169	-0.27485263	-1.1222254	0.21763085	0.59173816	1.0	1706	tags=19%, list=14%, signal=22%	
PBX1_02	PBX1_02		73	-0.3128504	-1.1199968	0.27662957	0.59750044	1.0	1263	tags=18%, list=11%, signal=20%	
STAT5B_01	STAT5B_01		152	-0.2758833	-1.1193974	0.22191012	0.59721434	1.0	1238	tags=15%, list=10%, signal=17%	
STAT5A_01	STAT5A_01		157	-0.27187684	-1.1179721	0.2293956	0.600087	1.0	1465	tags=17%, list=12%, signal=19%	
ZNF202_TARGET_GENES	ZNF202_TARGET_GENES		46	-0.3398145	-1.117933	0.27529022	0.5976838	1.0	1906	tags=28%, list=16%, signal=33%	
PAX4_01	PAX4_01		199	-0.26695976	-1.1173396	0.2300406	0.59739304	1.0	2078	tags=20%, list=17%, signal=24%	
CCCNNNNNNAAGWT_UNKNOWN	CCCNNNNNNAAGWT_UNKNOWN		76	-0.30166438	-1.1166325	0.28267476	0.597583	1.0	2784	tags=26%, list=23%, signal=34%	
CREB3L2_TARGET_GENES	CREB3L2_TARGET_GENES		111	-0.2900721	-1.1165735	0.2462006	0.59527266	1.0	1755	tags=21%, list=15%, signal=24%	
MTF1_Q4	MTF1_Q4		181	-0.26929307	-1.1161978	0.23214285	0.5942014	1.0	2699	tags=30%, list=22%, signal=38%	
CTCNANGTGNY_UNKNOWN	CTCNANGTGNY_UNKNOWN		61	-0.3217926	-1.1156609	0.28742516	0.5936802	1.0	1792	tags=23%, list=15%, signal=27%	
FOXO4_TARGET_GENES	FOXO4_TARGET_GENES		248	-0.26174524	-1.1148534	0.22994652	0.5941765	1.0	3019	tags=28%, list=25%, signal=36%	
TBPL1_TARGET_GENES	TBPL1_TARGET_GENES		80	-0.30395052	-1.1139125	0.27742946	0.5952939	1.0	2098	tags=23%, list=17%, signal=27%	
ALKBH3_TARGET_GENES	ALKBH3_TARGET_GENES		378	-0.24846302	-1.1111909	0.19875777	0.6029378	1.0	3421	tags=31%, list=28%, signal=42%	
E4F1_Q6	E4F1_Q6		224	-0.26505515	-1.110913	0.23262031	0.60153514	1.0	1858	tags=18%, list=15%, signal=21%	
SOX11_TARGET_GENES	SOX11_TARGET_GENES		38	-0.3499575	-1.10722	0.3152174	0.6128077	1.0	2189	tags=32%, list=18%, signal=38%	
SIPA1_TARGET_GENES	SIPA1_TARGET_GENES		96	-0.2934659	-1.1061411	0.2797619	0.61428475	1.0	309	tags=7%, list=3%, signal=7%	
ZNF830_TARGET_GENES	ZNF830_TARGET_GENES		239	-0.25956228	-1.1060059	0.2055703	0.61232024	1.0	2765	tags=24%, list=23%, signal=31%	
PAX2_02	PAX2_02		154	-0.2728798	-1.1018857	0.26483357	0.6254301	1.0	1656	tags=19%, list=14%, signal=22%	
HBZ_TARGET_GENES	HBZ_TARGET_GENES		444	-0.24461837	-1.1011149	0.20591862	0.62558705	1.0	1525	tags=14%, list=13%, signal=16%	
DBP_Q6	DBP_Q6		155	-0.2719361	-1.0999948	0.27363896	0.62742746	1.0	1994	tags=23%, list=17%, signal=27%	
AP1_C	AP1_C		168	-0.26811457	-1.0983901	0.2606952	0.6311907	1.0	1171	tags=14%, list=10%, signal=15%	
MCM3_TARGET_GENES	MCM3_TARGET_GENES		156	-0.2738597	-1.0943966	0.2788321	0.64405614	1.0	1151	tags=12%, list=10%, signal=13%	
SYATTGTG_UNKNOWN	SYATTGTG_UNKNOWN		157	-0.26971155	-1.0942404	0.2733711	0.64210606	1.0	989	tags=12%, list=8%, signal=13%	
CEBPGAMMA_Q6	CEBPGAMMA_Q6		154	-0.26868853	-1.094111	0.27722773	0.64013356	1.0	2290	tags=25%, list=19%, signal=31%	
TTGCWCAAY_CEBPB_02	TTGCWCAAY_CEBPB_02		42	-0.33669177	-1.0940468	0.31433225	0.6379257	1.0	1809	tags=31%, list=15%, signal=36%	
GABP_B	GABP_B		238	-0.25494328	-1.0925258	0.2527027	0.6412698	1.0	3312	tags=29%, list=28%, signal=40%	
EBNA1BP2_TARGET_GENES	EBNA1BP2_TARGET_GENES		255	-0.25428143	-1.0903966	0.26098192	0.6470622	1.0	1927	tags=18%, list=16%, signal=21%	
ZNF677_TARGET_GENES	ZNF677_TARGET_GENES		96	-0.28820708	-1.0896057	0.30229008	0.6474048	1.0	1847	tags=18%, list=15%, signal=21%	
ZNF101_TARGET_GENES	ZNF101_TARGET_GENES		207	-0.25727257	-1.0864897	0.27175367	0.6564702	1.0	2852	tags=26%, list=24%, signal=34%	
TCF1P_Q6	TCF1P_Q6		182	-0.2641525	-1.0863509	0.27604872	0.65452176	1.0	1900	tags=19%, list=16%, signal=22%	
AHR_Q5	AHR_Q5		172	-0.26515022	-1.0861316	0.2932227	0.6528468	1.0	2752	tags=27%, list=23%, signal=35%	
PAX8_TARGET_GENES	PAX8_TARGET_GENES		61	-0.30862606	-1.0859268	0.32242227	0.6512089	1.0	1056	tags=16%, list=9%, signal=18%	
AP3_Q6	AP3_Q6		138	-0.27289385	-1.0826647	0.30196628	0.6611176	1.0	2180	tags=20%, list=18%, signal=25%	
HSF2_01	HSF2_01		161	-0.26868683	-1.0816457	0.2905028	0.66270274	1.0	1752	tags=20%, list=15%, signal=23%	
AP1_Q4_01	AP1_Q4_01		159	-0.26370773	-1.0809993	0.31009957	0.6627511	1.0	1334	tags=13%, list=11%, signal=15%	
METHYLCYTOSINE_DIOXYGENASE_TET_UNIPROT_A0A023HHK9_UNREVIEWED_TARGET_GENES	METHYLCYTOSINE_DIOXYGENASE_TET_UNIPROT_A0A023HHK9_UNREVIEWED_TARGET_GENES		111	-0.27783614	-1.0799643	0.2945508	0.6642237	1.0	1768	tags=20%, list=15%, signal=23%	
ZNF257_TARGET_GENES	ZNF257_TARGET_GENES		439	-0.24115549	-1.0787011	0.25513905	0.666722	1.0	2280	tags=21%, list=19%, signal=25%	
ZNF555_TARGET_GENES	ZNF555_TARGET_GENES		31	-0.34744987	-1.0780476	0.36173913	0.66668725	1.0	3408	tags=45%, list=28%, signal=63%	
ZNF490_TARGET_GENES	ZNF490_TARGET_GENES		218	-0.25442076	-1.0774066	0.2998679	0.6665808	1.0	1331	tags=13%, list=11%, signal=15%	
HTF_01	HTF_01		46	-0.32438332	-1.0770406	0.34907252	0.665558	1.0	1598	tags=17%, list=13%, signal=20%	
ZNF26_TARGET_GENES	ZNF26_TARGET_GENES		19	-0.39251846	-1.0754336	0.3644068	0.6693683	1.0	935	tags=16%, list=8%, signal=17%	
NFMUE1_Q6	NFMUE1_Q6		216	-0.2541731	-1.0746362	0.29619566	0.669996	1.0	3284	tags=29%, list=27%, signal=39%	
IK3_01	IK3_01		130	-0.27092218	-1.0745498	0.30014226	0.66786665	1.0	1465	tags=15%, list=12%, signal=17%	
AML_Q6	AML_Q6		145	-0.26943925	-1.0745127	0.33106267	0.665575	1.0	1341	tags=17%, list=11%, signal=18%	
STAT_01	STAT_01		168	-0.2637437	-1.0744433	0.30167598	0.66343033	1.0	1326	tags=15%, list=11%, signal=16%	
ZNF394_TARGET_GENES	ZNF394_TARGET_GENES		301	-0.24794087	-1.0743543	0.302799	0.6612724	1.0	3567	tags=36%, list=30%, signal=50%	
XBP1_01	XBP1_01		88	-0.284478	-1.0741282	0.32317072	0.65969825	1.0	1815	tags=22%, list=15%, signal=25%	
TAZ_TARGET_GENES	TAZ_TARGET_GENES		323	-0.24478032	-1.0739944	0.28297055	0.65780854	1.0	1521	tags=16%, list=13%, signal=18%	
TCCATTKW_UNKNOWN	TCCATTKW_UNKNOWN		173	-0.2616622	-1.0734653	0.31057563	0.6574235	1.0	1492	tags=14%, list=12%, signal=16%	
ATGGYGGA_UNKNOWN	ATGGYGGA_UNKNOWN		85	-0.290409	-1.0713296	0.33634993	0.6630006	1.0	1831	tags=20%, list=15%, signal=23%	
TOX4_TARGET_GENES	TOX4_TARGET_GENES		164	-0.26392546	-1.0699906	0.30575034	0.6658516	1.0	1850	tags=17%, list=15%, signal=20%	
GGGNNTTTCC_NFKB_Q6_01	GGGNNTTTCC_NFKB_Q6_01		84	-0.29038766	-1.0692911	0.33895704	0.66625625	1.0	1294	tags=15%, list=11%, signal=17%	
SPZ1_01	SPZ1_01		162	-0.26418325	-1.0690749	0.3043478	0.6648105	1.0	1948	tags=20%, list=16%, signal=24%	
SKP2_TARGET_GENES	SKP2_TARGET_GENES		33	-0.34462598	-1.0675267	0.3683274	0.6682783	1.0	299	tags=9%, list=2%, signal=9%	
TOP2B_TARGET_GENES	TOP2B_TARGET_GENES		447	-0.23714796	-1.0671116	0.28038508	0.6674863	1.0	2670	tags=23%, list=22%, signal=29%	
KDM1B_TARGET_GENES	KDM1B_TARGET_GENES		72	-0.29361975	-1.0670443	0.34186748	0.6653991	1.0	2937	tags=29%, list=24%, signal=38%	
YAATNANRNNNCAG_UNKNOWN	YAATNANRNNNCAG_UNKNOWN		42	-0.32903033	-1.0643839	0.3456	0.6728206	1.0	1476	tags=19%, list=12%, signal=22%	
SMAD_Q6	SMAD_Q6		167	-0.25844443	-1.0638045	0.30422124	0.6727487	1.0	1228	tags=13%, list=10%, signal=14%	
NR0B1_TARGET_GENES	NR0B1_TARGET_GENES		192	-0.2548933	-1.0615199	0.3091922	0.67900753	1.0	1092	tags=11%, list=9%, signal=12%	
PRDM4_TARGET_GENES	PRDM4_TARGET_GENES		345	-0.24142481	-1.0609676	0.31017965	0.678863	1.0	1503	tags=17%, list=13%, signal=18%	
CDPCR3HD_01	CDPCR3HD_01		145	-0.2639481	-1.0605687	0.35042736	0.6779336	1.0	925	tags=12%, list=8%, signal=13%	
HOXC13_TARGET_GENES	HOXC13_TARGET_GENES		95	-0.27941063	-1.060214	0.33684212	0.6769607	1.0	2836	tags=32%, list=24%, signal=41%	
DICER1_TARGET_GENES	DICER1_TARGET_GENES		47	-0.31527382	-1.0599701	0.37198067	0.6756017	1.0	1996	tags=23%, list=17%, signal=28%	
CDPCR1_01	CDPCR1_01		73	-0.29423076	-1.0591083	0.34052387	0.67647517	1.0	1646	tags=18%, list=14%, signal=21%	
HFH8_01	HFH8_01		131	-0.2689981	-1.0588498	0.3216885	0.67520624	1.0	1441	tags=15%, list=12%, signal=17%	
ZNF563_TARGET_GENES	ZNF563_TARGET_GENES		400	-0.23857373	-1.058629	0.3044586	0.67377454	1.0	2091	tags=20%, list=17%, signal=23%	
AR_Q2	AR_Q2		79	-0.2843856	-1.056221	0.35893416	0.68047607	1.0	1597	tags=18%, list=13%, signal=20%	
USF_02	USF_02		205	-0.2512215	-1.0562072	0.3351135	0.67824495	1.0	2700	tags=25%, list=22%, signal=32%	
RBM15_TARGET_GENES	RBM15_TARGET_GENES		105	-0.27551612	-1.0554837	0.34955752	0.67858356	1.0	1931	tags=23%, list=16%, signal=27%	
MYCMAX_03	MYCMAX_03		197	-0.2518115	-1.0546974	0.33781964	0.6791445	1.0	2002	tags=22%, list=17%, signal=26%	
YY1_Q6	YY1_Q6		218	-0.25231877	-1.0543667	0.34741145	0.6781897	1.0	4084	tags=38%, list=34%, signal=56%	
HOXB7_TARGET_GENES	HOXB7_TARGET_GENES		19	-0.38848922	-1.0540178	0.40526316	0.67716926	1.0	52	tags=5%, list=0%, signal=5%	
ZNF791_TARGET_GENES	ZNF791_TARGET_GENES		32	-0.33655125	-1.0535238	0.37378642	0.67667025	1.0	2	tags=3%, list=0%, signal=3%	
ZNF250_TARGET_GENES	ZNF250_TARGET_GENES		424	-0.23521236	-1.0522165	0.32806805	0.67941034	1.0	3109	tags=28%, list=26%, signal=37%	
TAXCREB_01	TAXCREB_01		102	-0.27234	-1.0512064	0.359352	0.68093175	1.0	1513	tags=15%, list=13%, signal=17%	
TTCYNRGAA_STAT5B_01	TTCYNRGAA_STAT5B_01		207	-0.25057742	-1.0490658	0.32608697	0.68673134	1.0	1048	tags=12%, list=9%, signal=13%	
MEF2_04	MEF2_04		16	-0.40622833	-1.0488842	0.42702702	0.6852142	1.0	1364	tags=25%, list=11%, signal=28%	
ZNF318_TARGET_GENES	ZNF318_TARGET_GENES		356	-0.23698592	-1.0456783	0.34615386	0.69492984	1.0	2235	tags=21%, list=19%, signal=25%	
TAF9B_TARGET_GENES	TAF9B_TARGET_GENES		458	-0.23283254	-1.0432212	0.34026927	0.70159376	1.0	3989	tags=39%, list=33%, signal=56%	
TFIIA_Q6	TFIIA_Q6		169	-0.25508857	-1.0430683	0.3624454	0.69987386	1.0	2315	tags=25%, list=19%, signal=31%	
PPAR_DR1_Q2	PPAR_DR1_Q2		185	-0.25277665	-1.0412601	0.367036	0.7043704	1.0	2245	tags=24%, list=19%, signal=29%	
TST1_01	TST1_01		167	-0.2536317	-1.0412142	0.36731842	0.70226926	1.0	2680	tags=29%, list=22%, signal=37%	
ZNF140_TARGET_GENES	ZNF140_TARGET_GENES		407	-0.23148821	-1.0404811	0.35337424	0.70253325	1.0	2436	tags=21%, list=20%, signal=25%	
ZNF529_TARGET_GENES	ZNF529_TARGET_GENES		18	-0.39010936	-1.0391814	0.4128114	0.70515484	1.0	3337	tags=33%, list=28%, signal=46%	
HNF4_DR1_Q3	HNF4_DR1_Q3		184	-0.2520139	-1.0389445	0.39695713	0.7038292	1.0	2151	tags=20%, list=18%, signal=24%	
TGACGTCA_ATF3_Q6	TGACGTCA_ATF3_Q6		168	-0.2540063	-1.0384787	0.38235295	0.70319283	1.0	2862	tags=27%, list=24%, signal=35%	
NCOA2_TARGET_GENES	NCOA2_TARGET_GENES		347	-0.23386064	-1.0374545	0.35074627	0.7047159	1.0	2956	tags=27%, list=25%, signal=35%	
YGACNNYACAR_UNKNOWN	YGACNNYACAR_UNKNOWN		54	-0.30492803	-1.0370363	0.3935484	0.7041037	1.0	1100	tags=15%, list=9%, signal=16%	
GGARNTKYCCA_UNKNOWN	GGARNTKYCCA_UNKNOWN		48	-0.3134939	-1.0363686	0.38235295	0.7043651	1.0	1263	tags=15%, list=11%, signal=16%	
CAGGTA_AREB6_01	CAGGTA_AREB6_01		474	-0.2302952	-1.0363015	0.35453475	0.70236874	1.0	2051	tags=18%, list=17%, signal=21%	
AP2_Q6	AP2_Q6		194	-0.24895304	-1.0355822	0.39176628	0.70302725	1.0	2491	tags=22%, list=21%, signal=28%	
AREB6_01	AREB6_01		153	-0.2584977	-1.0353918	0.37974682	0.70152473	1.0	2040	tags=22%, list=17%, signal=26%	
HOX13_01	HOX13_01		29	-0.3424629	-1.0351974	0.4117647	0.70008945	1.0	61	tags=7%, list=1%, signal=7%	
ZNF581_TARGET_GENES	ZNF581_TARGET_GENES		271	-0.24116227	-1.0332187	0.375969	0.70503014	1.0	2347	tags=21%, list=20%, signal=26%	
TERF2_TARGET_GENES	TERF2_TARGET_GENES		85	-0.27865008	-1.0317459	0.4	0.70808357	1.0	2667	tags=28%, list=22%, signal=36%	
GGAMTNNNNNTCCY_UNKNOWN	GGAMTNNNNNTCCY_UNKNOWN		99	-0.27127117	-1.030569	0.40807176	0.71007067	1.0	3486	tags=41%, list=29%, signal=58%	
CREB_Q4	CREB_Q4		206	-0.24405734	-1.029577	0.38544473	0.71150184	1.0	2818	tags=27%, list=23%, signal=35%	
FREAC3_01	FREAC3_01		147	-0.25799593	-1.0293823	0.40730336	0.7099921	1.0	850	tags=11%, list=7%, signal=12%	
EGR_Q6	EGR_Q6		203	-0.24355268	-1.0293072	0.37651822	0.70811385	1.0	1824	tags=18%, list=15%, signal=21%	
EMX1_TARGET_GENES	EMX1_TARGET_GENES		182	-0.249538	-1.0263454	0.3978052	0.7168004	1.0	2928	tags=28%, list=24%, signal=36%	
CREB_Q3	CREB_Q3		192	-0.24793378	-1.0242001	0.39563438	0.7221794	1.0	2622	tags=22%, list=22%, signal=28%	
SOX3_TARGET_GENES	SOX3_TARGET_GENES		385	-0.23095326	-1.0240409	0.4053724	0.7205938	1.0	1766	tags=15%, list=15%, signal=17%	
RAX2_TARGET_GENES	RAX2_TARGET_GENES		62	-0.29017153	-1.0236146	0.43255815	0.71993345	1.0	3070	tags=29%, list=26%, signal=39%	
YTCCCRNNAGGY_UNKNOWN	YTCCCRNNAGGY_UNKNOWN		58	-0.29434133	-1.0232707	0.42246836	0.71907306	1.0	2113	tags=24%, list=18%, signal=29%	
ZNF33A_TARGET_GENES	ZNF33A_TARGET_GENES		166	-0.24931477	-1.0228889	0.41450068	0.7183165	1.0	1884	tags=19%, list=16%, signal=23%	
PXR_Q2	PXR_Q2		170	-0.2466357	-1.0210831	0.39829302	0.7227033	1.0	1075	tags=11%, list=9%, signal=11%	
WTTGKCTG_UNKNOWN	WTTGKCTG_UNKNOWN		352	-0.23034373	-1.019853	0.40409207	0.72479683	1.0	2288	tags=22%, list=19%, signal=27%	
AFP1_Q6	AFP1_Q6		160	-0.25082016	-1.0197281	0.4187328	0.7230999	1.0	1388	tags=14%, list=12%, signal=15%	
LEF1_Q2	LEF1_Q2		142	-0.2546402	-1.0187013	0.4020173	0.72449696	1.0	975	tags=12%, list=8%, signal=13%	
YY1_01	YY1_01		182	-0.24882267	-1.0184969	0.43031123	0.7230976	1.0	1581	tags=15%, list=13%, signal=17%	
SRF_Q5_01	SRF_Q5_01		150	-0.25091848	-1.0183542	0.41519675	0.72148854	1.0	1639	tags=17%, list=14%, signal=19%	
SNAI1_TARGET_GENES	SNAI1_TARGET_GENES		358	-0.23029894	-1.0177633	0.41132075	0.7214665	1.0	2183	tags=20%, list=18%, signal=24%	
FOXD3_01	FOXD3_01		123	-0.25956023	-1.0169992	0.4206799	0.72198904	1.0	1262	tags=15%, list=11%, signal=16%	
MXD1_TARGET_GENES	MXD1_TARGET_GENES		121	-0.25688976	-1.016275	0.4119403	0.7223612	1.0	2544	tags=23%, list=21%, signal=29%	
E4BP4_01	E4BP4_01		152	-0.25258058	-1.0158705	0.41201118	0.72176135	1.0	1483	tags=13%, list=12%, signal=15%	
GLI1_TARGET_GENES	GLI1_TARGET_GENES		340	-0.23135273	-1.0149363	0.4094388	0.7230178	1.0	2380	tags=21%, list=20%, signal=26%	
CEBP_Q3	CEBP_Q3		155	-0.2492112	-1.014471	0.44084507	0.7225315	1.0	1983	tags=21%, list=17%, signal=25%	
HNF1_01	HNF1_01		107	-0.2652326	-1.0141431	0.4330357	0.7216885	1.0	1514	tags=20%, list=13%, signal=22%	
HLF_01	HLF_01		167	-0.250866	-1.0131717	0.44647887	0.7229411	1.0	1809	tags=15%, list=15%, signal=17%	
ACAWNRNSRCGG_UNKNOWN	ACAWNRNSRCGG_UNKNOWN		55	-0.29930273	-1.0130192	0.43375394	0.7213895	1.0	2897	tags=29%, list=24%, signal=38%	
RACCACAR_AML_Q6	RACCACAR_AML_Q6		156	-0.25408182	-1.0127656	0.43128654	0.72023773	1.0	1271	tags=13%, list=11%, signal=14%	
ZNF331_TARGET_GENES	ZNF331_TARGET_GENES		267	-0.23561539	-1.011187	0.41986755	0.7237717	1.0	2123	tags=18%, list=18%, signal=22%	
TSHZ1_TARGET_GENES	TSHZ1_TARGET_GENES		137	-0.25201124	-1.0104505	0.4275256	0.7242817	1.0	2057	tags=18%, list=17%, signal=22%	
FREAC2_01	FREAC2_01		166	-0.24567652	-1.0081058	0.42957747	0.73018634	1.0	990	tags=11%, list=8%, signal=12%	
PPARG_01	PPARG_01		35	-0.31865525	-1.0071486	0.44	0.7314466	1.0	2284	tags=29%, list=19%, signal=35%	
ZNF41_TARGET_GENES	ZNF41_TARGET_GENES		67	-0.28379342	-1.0069368	0.44546852	0.7301564	1.0	1250	tags=16%, list=10%, signal=18%	
RUVBL1_TARGET_GENES	RUVBL1_TARGET_GENES		140	-0.2544959	-1.006683	0.47727272	0.72903776	1.0	2996	tags=29%, list=25%, signal=38%	
LHX3_TARGET_GENES	LHX3_TARGET_GENES		22	-0.35483944	-1.0065897	0.42524916	0.72736067	1.0	1059	tags=23%, list=9%, signal=25%	
HOXA4_Q2	HOXA4_Q2		156	-0.2498631	-1.005317	0.45214978	0.7297852	1.0	1915	tags=18%, list=16%, signal=21%	
HOXA7_TARGET_GENES	HOXA7_TARGET_GENES		93	-0.26334125	-1.0045291	0.45386904	0.7305376	1.0	2022	tags=19%, list=17%, signal=23%	
CREB_Q2	CREB_Q2		203	-0.24062227	-1.0034028	0.44615385	0.7324815	1.0	2057	tags=20%, list=17%, signal=24%	
ZNF239_TARGET_GENES	ZNF239_TARGET_GENES		30	-0.33282897	-1.0026102	0.46127945	0.7332223	1.0	1682	tags=20%, list=14%, signal=23%	
ZNF577_TARGET_GENES	ZNF577_TARGET_GENES		349	-0.2255257	-1.0024644	0.47487438	0.73169386	1.0	1642	tags=15%, list=14%, signal=17%	
HNF4_Q6	HNF4_Q6		166	-0.24471775	-0.9998268	0.44803372	0.73855597	1.0	1398	tags=14%, list=12%, signal=16%	
MED25_TARGET_GENES	MED25_TARGET_GENES		56	-0.28917816	-0.99943894	0.4675119	0.73790336	1.0	898	tags=13%, list=7%, signal=13%	
ER_Q6_01	ER_Q6_01		185	-0.24108566	-0.9985638	0.45517242	0.73891515	1.0	1470	tags=16%, list=12%, signal=18%	
CASP8AP2_TARGET_GENES	CASP8AP2_TARGET_GENES		258	-0.23174356	-0.996949	0.4774536	0.74234223	1.0	1746	tags=17%, list=15%, signal=19%	
ZBTB5_TARGET_GENES	ZBTB5_TARGET_GENES		140	-0.25162268	-0.9957609	0.457971	0.7442702	1.0	1960	tags=19%, list=16%, signal=23%	
GRE_C	GRE_C		80	-0.27434197	-0.99546313	0.46118012	0.7433131	1.0	1690	tags=16%, list=14%, signal=19%	
LMNB2_TARGET_GENES	LMNB2_TARGET_GENES		30	-0.3231978	-0.9941117	0.47727272	0.7460242	1.0	1237	tags=17%, list=10%, signal=19%	
ZBTB1_TARGET_GENES	ZBTB1_TARGET_GENES		98	-0.2600335	-0.9927064	0.49260354	0.74884236	1.0	1169	tags=13%, list=10%, signal=15%	
MSX1_01	MSX1_01		103	-0.25675696	-0.99111474	0.45123726	0.752241	1.0	1871	tags=20%, list=16%, signal=24%	
TITF1_Q3	TITF1_Q3		165	-0.2430262	-0.98984337	0.5106686	0.75448996	1.0	1758	tags=19%, list=15%, signal=22%	
PU1_Q6	PU1_Q6		158	-0.2431539	-0.9896645	0.48391607	0.7531157	1.0	1459	tags=17%, list=12%, signal=19%	
SRY_02	SRY_02		163	-0.24423823	-0.9889307	0.49120432	0.75358135	1.0	2353	tags=25%, list=20%, signal=31%	
COBLL1_TARGET_GENES	COBLL1_TARGET_GENES		111	-0.25492483	-0.9880994	0.45535713	0.7545164	1.0	3060	tags=31%, list=25%, signal=41%	
MYOCD_TARGET_GENES	MYOCD_TARGET_GENES		335	-0.22512046	-0.9875613	0.5051414	0.75435024	1.0	1684	tags=16%, list=14%, signal=18%	
NCOA6_TARGET_GENES	NCOA6_TARGET_GENES		276	-0.2280918	-0.9858702	0.5176471	0.7580208	1.0	2088	tags=18%, list=17%, signal=22%	
CTR9_TARGET_GENES	CTR9_TARGET_GENES		47	-0.29535708	-0.98387516	0.47019866	0.76273644	1.0	1916	tags=32%, list=16%, signal=38%	
ZNF707_TARGET_GENES	ZNF707_TARGET_GENES		28	-0.32146105	-0.982948	0.49506578	0.7638233	1.0	1104	tags=14%, list=9%, signal=16%	
ZNF260_TARGET_GENES	ZNF260_TARGET_GENES		429	-0.21581014	-0.9797812	0.53966343	0.77244055	1.0	3334	tags=29%, list=28%, signal=39%	
CREB_01	CREB_01		199	-0.23565373	-0.97798127	0.5149864	0.7764252	1.0	2097	tags=18%, list=17%, signal=22%	
ZNF560_TARGET_GENES	ZNF560_TARGET_GENES		32	-0.3161891	-0.9757777	0.50087875	0.78183144	1.0	1729	tags=19%, list=14%, signal=22%	
RYCACNNRNNRNCAG_UNKNOWN	RYCACNNRNNRNCAG_UNKNOWN		45	-0.2951809	-0.97495466	0.50080514	0.78245515	1.0	819	tags=13%, list=7%, signal=14%	
CSHL1_TARGET_GENES	CSHL1_TARGET_GENES		174	-0.23982528	-0.9738193	0.52091765	0.7843063	1.0	3276	tags=28%, list=27%, signal=37%	
HFH1_01	HFH1_01		154	-0.23967728	-0.9728375	0.5131579	0.7856377	1.0	1919	tags=19%, list=16%, signal=23%	
AP2ALPHA_01	AP2ALPHA_01		180	-0.23729844	-0.972465	0.5244755	0.7848269	1.0	1915	tags=18%, list=16%, signal=21%	
DNMT3A_TARGET_GENES	DNMT3A_TARGET_GENES		455	-0.2162553	-0.97074294	0.5394897	0.7885897	1.0	2980	tags=26%, list=25%, signal=33%	
CEBPB_01	CEBPB_01		165	-0.23625486	-0.970553	0.5277778	0.78724086	1.0	1871	tags=17%, list=16%, signal=20%	
OVOL3_TARGET_GENES	OVOL3_TARGET_GENES		413	-0.21561427	-0.97042984	0.5554202	0.7856294	1.0	2178	tags=16%, list=18%, signal=19%	
ACTAYRNNNCCCR_UNKNOWN	ACTAYRNNNCCCR_UNKNOWN		409	-0.21894483	-0.9695224	0.56379104	0.7866459	1.0	2259	tags=18%, list=19%, signal=22%	
AREB6_03	AREB6_03		160	-0.23658267	-0.9688836	0.54178274	0.78678316	1.0	2370	tags=24%, list=20%, signal=29%	
TCF11MAFG_01	TCF11MAFG_01		137	-0.24126327	-0.9684765	0.52387846	0.7860082	1.0	2180	tags=20%, list=18%, signal=25%	
MAPK3_TARGET_GENES	MAPK3_TARGET_GENES		44	-0.29650885	-0.9666936	0.48617887	0.79007477	1.0	807	tags=14%, list=7%, signal=15%	
TTF1_Q6	TTF1_Q6		169	-0.23706864	-0.9663079	0.5283541	0.78933764	1.0	1228	tags=14%, list=10%, signal=15%	
NFKB_Q6_01	NFKB_Q6_01		143	-0.2413081	-0.9658004	0.53943664	0.7890081	1.0	1294	tags=14%, list=11%, signal=15%	
LMTK3_TARGET_GENES	LMTK3_TARGET_GENES		368	-0.21824746	-0.965791	0.58104736	0.7870502	1.0	3118	tags=28%, list=26%, signal=36%	
CENPT_TARGET_GENES	CENPT_TARGET_GENES		43	-0.29330745	-0.9654478	0.5140496	0.786237	1.0	1665	tags=21%, list=14%, signal=24%	
ZSCAN21_TARGET_GENES	ZSCAN21_TARGET_GENES		384	-0.21682103	-0.96526575	0.5767327	0.78485376	1.0	2114	tags=17%, list=18%, signal=20%	
PAX7_TARGET_GENES	PAX7_TARGET_GENES		443	-0.21479847	-0.9651565	0.58080196	0.78329426	1.0	2851	tags=26%, list=24%, signal=33%	
IRF_Q6	IRF_Q6		142	-0.24192183	-0.96470404	0.5256588	0.7829617	1.0	1694	tags=15%, list=14%, signal=17%	
NRF2_Q4	NRF2_Q4		163	-0.23454523	-0.9630778	0.5410765	0.7864547	1.0	3135	tags=30%, list=26%, signal=40%	
ZNF512_TARGET_GENES	ZNF512_TARGET_GENES		259	-0.22500487	-0.9621202	0.52956635	0.78775734	1.0	2415	tags=24%, list=20%, signal=30%	
CUX1_TARGET_GENES	CUX1_TARGET_GENES		480	-0.21268879	-0.961978	0.5842424	0.7862908	1.0	2026	tags=17%, list=17%, signal=20%	
NFKB_C	NFKB_C		170	-0.23191398	-0.95912415	0.5356125	0.7934487	1.0	1508	tags=15%, list=13%, signal=17%	
AP2GAMMA_01	AP2GAMMA_01		185	-0.2288749	-0.9579932	0.5631068	0.7952166	1.0	2315	tags=22%, list=19%, signal=26%	
MAZR_01	MAZR_01		156	-0.23703973	-0.9577295	0.5547753	0.79412293	1.0	2373	tags=22%, list=20%, signal=28%	
AACYNNNNTTCCS_UNKNOWN	AACYNNNNTTCCS_UNKNOWN		83	-0.2626115	-0.9576841	0.53939396	0.79230785	1.0	3842	tags=43%, list=32%, signal=63%	
SRCAP_TARGET_GENES	SRCAP_TARGET_GENES		328	-0.21917175	-0.9574363	0.58607596	0.79117304	1.0	2054	tags=18%, list=17%, signal=21%	
ZNF512B_TARGET_GENES	ZNF512B_TARGET_GENES		153	-0.23769568	-0.9567977	0.55833334	0.7913785	1.0	2436	tags=25%, list=20%, signal=32%	
ZF5_B	ZF5_B		177	-0.23041248	-0.9566435	0.56908345	0.78995067	1.0	1438	tags=15%, list=12%, signal=17%	
WCTCNATGGY_UNKNOWN	WCTCNATGGY_UNKNOWN		66	-0.27195552	-0.9558943	0.5585443	0.79047805	1.0	1501	tags=23%, list=12%, signal=26%	
FOXO1_02	FOXO1_02		163	-0.23816472	-0.95530653	0.54698455	0.79045606	1.0	2156	tags=18%, list=18%, signal=21%	
GATGKMRGCG_UNKNOWN	GATGKMRGCG_UNKNOWN		59	-0.27803832	-0.95221883	0.5273312	0.7982861	1.0	3359	tags=31%, list=28%, signal=42%	
STAT4_01	STAT4_01		161	-0.23234081	-0.9517006	0.5730337	0.79796576	1.0	2104	tags=18%, list=18%, signal=22%	
TGATTTRY_GFI1_01	TGATTTRY_GFI1_01		155	-0.23468745	-0.9480806	0.56336087	0.8075478	1.0	1723	tags=17%, list=14%, signal=20%	
FOXO4_01	FOXO4_01		158	-0.23344114	-0.94764304	0.5879121	0.80696905	1.0	1706	tags=15%, list=14%, signal=17%	
TAATTA_CHX10_01	TAATTA_CHX10_01		462	-0.20916341	-0.94715524	0.620283	0.8066223	1.0	1590	tags=15%, list=13%, signal=17%	
HFH3_01	HFH3_01		116	-0.24232714	-0.94534564	0.5820029	0.8103812	1.0	2073	tags=23%, list=17%, signal=28%	
MEIS1BHOXA9_01	MEIS1BHOXA9_01		68	-0.26540148	-0.9441406	0.5386997	0.81222177	1.0	1870	tags=21%, list=16%, signal=24%	
ZNF223_TARGET_GENES	ZNF223_TARGET_GENES		244	-0.22197925	-0.94401574	0.5886333	0.8106852	1.0	2542	tags=20%, list=21%, signal=25%	
GATA3_01	GATA3_01		122	-0.24030569	-0.94359297	0.5971429	0.8101091	1.0	2333	tags=20%, list=19%, signal=25%	
GTGGGTGK_UNKNOWN	GTGGGTGK_UNKNOWN		180	-0.22910194	-0.9435525	0.58815426	0.8083426	1.0	1814	tags=16%, list=15%, signal=18%	
NFKAPPAB_01	NFKAPPAB_01		149	-0.23599106	-0.94323975	0.57344633	0.80748475	1.0	1413	tags=16%, list=12%, signal=18%	
TERT_TARGET_GENES	TERT_TARGET_GENES		72	-0.26216823	-0.9413097	0.565625	0.8115581	1.0	2508	tags=22%, list=21%, signal=28%	
RGAGGAARY_PU1_Q6	RGAGGAARY_PU1_Q6		326	-0.21576189	-0.9404628	0.6481242	0.8123293	1.0	1992	tags=19%, list=17%, signal=22%	
CTGYNNCTYTAA_UNKNOWN	CTGYNNCTYTAA_UNKNOWN		53	-0.27634194	-0.93953747	0.5536278	0.8133797	1.0	1388	tags=19%, list=12%, signal=21%	
HNF4ALPHA_Q6	HNF4ALPHA_Q6		176	-0.22839293	-0.9393514	0.6028369	0.8121402	1.0	2373	tags=22%, list=20%, signal=27%	
HNF3B_01	HNF3B_01		124	-0.23988925	-0.9386989	0.58357346	0.8122121	1.0	1277	tags=15%, list=11%, signal=17%	
OCT1_03	OCT1_03		145	-0.23200242	-0.9355037	0.593361	0.8199519	1.0	1283	tags=14%, list=11%, signal=16%	
HEN1_02	HEN1_02		136	-0.23887281	-0.9352553	0.62019914	0.81881917	1.0	1467	tags=14%, list=12%, signal=16%	
CTAWWWATA_RSRFC4_Q2	CTAWWWATA_RSRFC4_Q2		188	-0.22614115	-0.93215954	0.6256906	0.82661134	1.0	1784	tags=18%, list=15%, signal=20%	
OCT1_Q6	OCT1_Q6		153	-0.23252502	-0.93038327	0.609375	0.8299571	1.0	1587	tags=17%, list=13%, signal=19%	
NKX3A_01	NKX3A_01		127	-0.23737793	-0.92990017	0.5961821	0.82952714	1.0	3579	tags=33%, list=30%, signal=47%	
PPARA_TARGET_GENES	PPARA_TARGET_GENES		54	-0.2671595	-0.9295909	0.5801887	0.82852936	1.0	1668	tags=17%, list=14%, signal=19%	
GCM_Q2	GCM_Q2		161	-0.22770363	-0.9273144	0.6213592	0.8336084	1.0	2247	tags=24%, list=19%, signal=29%	
SMTTTTGT_UNKNOWN	SMTTTTGT_UNKNOWN		270	-0.21620233	-0.9264658	0.6613333	0.8343669	1.0	2734	tags=23%, list=23%, signal=30%	
CDC5_01	CDC5_01		147	-0.2290425	-0.92501295	0.63503647	0.8367886	1.0	2108	tags=19%, list=18%, signal=23%	
AUTS2_TARGET_GENES	AUTS2_TARGET_GENES		358	-0.20932943	-0.92206013	0.681761	0.8439094	1.0	2056	tags=17%, list=17%, signal=20%	
RFX1_01	RFX1_01		171	-0.22388223	-0.9201079	0.64933336	0.84805775	1.0	2293	tags=21%, list=19%, signal=26%	
COUP_01	COUP_01		168	-0.22465613	-0.9193018	0.6362339	0.8486372	1.0	2156	tags=20%, list=18%, signal=24%	
ZNF781_TARGET_GENES	ZNF781_TARGET_GENES		98	-0.24280879	-0.91788703	0.6178248	0.85111636	1.0	3589	tags=37%, list=30%, signal=52%	
SREBP1_02	SREBP1_02		54	-0.26799875	-0.9171952	0.5902439	0.85135984	1.0	858	tags=13%, list=7%, signal=14%	
NUFIP1_TARGET_GENES	NUFIP1_TARGET_GENES		30	-0.30273902	-0.9168554	0.57980454	0.85035986	1.0	3828	tags=50%, list=32%, signal=73%	
MIF1_01	MIF1_01		127	-0.23201954	-0.91619396	0.6237482	0.8504246	1.0	2326	tags=23%, list=19%, signal=28%	
GATAAGR_GATA_C	GATAAGR_GATA_C		148	-0.22686501	-0.913905	0.65764546	0.8551921	1.0	2055	tags=20%, list=17%, signal=23%	
NPM1_TARGET_GENES	NPM1_TARGET_GENES		304	-0.2115548	-0.91364485	0.7069409	0.85412806	1.0	3427	tags=31%, list=29%, signal=42%	
HNF1_Q6	HNF1_Q6		122	-0.23396139	-0.913401	0.64784545	0.852924	1.0	1283	tags=14%, list=11%, signal=15%	
GATA1_05	GATA1_05		149	-0.2303907	-0.91287327	0.6768559	0.8525853	1.0	1470	tags=13%, list=12%, signal=15%	
FXR_Q3	FXR_Q3		67	-0.2574046	-0.91163266	0.6228748	0.8542201	1.0	1784	tags=21%, list=15%, signal=24%	
ETS1_B	ETS1_B		175	-0.21986605	-0.91149944	0.6671388	0.8527422	1.0	1473	tags=14%, list=12%, signal=16%	
DLX2_TARGET_GENES	DLX2_TARGET_GENES		172	-0.2207842	-0.9095861	0.67901236	0.8565578	1.0	2036	tags=19%, list=17%, signal=23%	
ZNF680_TARGET_GENES	ZNF680_TARGET_GENES		452	-0.20301344	-0.9061081	0.7356882	0.8648092	1.0	1761	tags=14%, list=15%, signal=16%	
TCF4_Q5	TCF4_Q5		137	-0.22756621	-0.9056309	0.67318434	0.86430204	1.0	1811	tags=20%, list=15%, signal=24%	
CDH4_TARGET_GENES	CDH4_TARGET_GENES		51	-0.2649303	-0.90545684	0.6275116	0.8629281	1.0	1471	tags=16%, list=12%, signal=18%	
CREL_01	CREL_01		165	-0.22235772	-0.9047258	0.7013889	0.8632072	1.0	2065	tags=19%, list=17%, signal=23%	
NKX2_3_TARGET_GENES	NKX2_3_TARGET_GENES		416	-0.20093347	-0.9041169	0.75966185	0.86312807	1.0	1902	tags=16%, list=16%, signal=18%	
PR_Q2	PR_Q2		151	-0.22377156	-0.9037128	0.66432583	0.862412	1.0	2353	tags=22%, list=20%, signal=27%	
GGAANCGGAANY_UNKNOWN	GGAANCGGAANY_UNKNOWN		102	-0.23517439	-0.8991245	0.6741405	0.873651	1.0	3331	tags=29%, list=28%, signal=40%	
POU1F1_Q6	POU1F1_Q6		142	-0.22476868	-0.8984743	0.6775568	0.87375784	1.0	2733	tags=25%, list=23%, signal=32%	
GATA_Q6	GATA_Q6		88	-0.2427811	-0.89818424	0.6702619	0.87272894	1.0	1610	tags=18%, list=13%, signal=21%	
PTPRA_TARGET_GENES	PTPRA_TARGET_GENES		84	-0.24406418	-0.8976154	0.6513353	0.8724962	1.0	3393	tags=37%, list=28%, signal=51%	
GATA1_01	GATA1_01		165	-0.2205198	-0.8952213	0.703966	0.8772853	1.0	2372	tags=23%, list=20%, signal=28%	
ZNF329_TARGET_GENES	ZNF329_TARGET_GENES		443	-0.19986282	-0.8938159	0.7944039	0.87939596	1.0	1718	tags=12%, list=14%, signal=14%	
AP4_01	AP4_01		172	-0.21630612	-0.89189255	0.7228571	0.88295186	1.0	1310	tags=13%, list=11%, signal=14%	
AP2_Q6_01	AP2_Q6_01		200	-0.21594003	-0.8915877	0.70911527	0.88198525	1.0	2297	tags=21%, list=19%, signal=25%	
GGGYGTGNY_UNKNOWN	GGGYGTGNY_UNKNOWN		484	-0.1969029	-0.89038485	0.7919144	0.88351154	1.0	2509	tags=21%, list=21%, signal=26%	
METTL14_TARGET_GENES	METTL14_TARGET_GENES		88	-0.24027102	-0.88950294	0.6726727	0.8841353	1.0	1751	tags=18%, list=15%, signal=21%	
RREB1_01	RREB1_01		128	-0.22412613	-0.88852954	0.67976713	0.8850351	1.0	2259	tags=19%, list=19%, signal=23%	
PCGF1_TARGET_GENES	PCGF1_TARGET_GENES		439	-0.19669035	-0.88843787	0.8062954	0.8834311	1.0	2215	tags=20%, list=18%, signal=24%	
OCT1_02	OCT1_02		107	-0.23083052	-0.8860603	0.68683815	0.8881564	1.0	2667	tags=26%, list=22%, signal=33%	
CDC73_TARGET_GENES	CDC73_TARGET_GENES		393	-0.19947006	-0.8821785	0.80072904	0.8968709	1.0	2662	tags=23%, list=22%, signal=28%	
YTTCCNNNGGAMR_UNKNOWN	YTTCCNNNGGAMR_UNKNOWN		38	-0.27285138	-0.8809335	0.65723795	0.89832276	1.0	1073	tags=13%, list=9%, signal=14%	
SREBP1_Q6	SREBP1_Q6		157	-0.21793957	-0.8795458	0.74038464	0.90037096	1.0	2537	tags=25%, list=21%, signal=31%	
HSF_Q6	HSF_Q6		135	-0.22216704	-0.87735426	0.74820143	0.90428644	1.0	1527	tags=16%, list=13%, signal=18%	
ZNF669_TARGET_GENES	ZNF669_TARGET_GENES		93	-0.2339157	-0.87657744	0.7106518	0.90442055	1.0	2007	tags=16%, list=17%, signal=19%	
YGTCCTTGR_UNKNOWN	YGTCCTTGR_UNKNOWN		64	-0.24572062	-0.8758841	0.6863354	0.90434474	1.0	2901	tags=30%, list=24%, signal=39%	
EVI1_04	EVI1_04		143	-0.21690856	-0.8752032	0.74927956	0.90431124	1.0	1518	tags=15%, list=13%, signal=17%	
SMAD4_Q6	SMAD4_Q6		163	-0.21505623	-0.8745678	0.73125887	0.90405387	1.0	1410	tags=12%, list=12%, signal=13%	
PRMT5_TARGET_GENES	PRMT5_TARGET_GENES		56	-0.2510385	-0.8745311	0.6616085	0.9022563	1.0	1047	tags=13%, list=9%, signal=14%	
ZNF292_TARGET_GENES	ZNF292_TARGET_GENES		16	-0.33769843	-0.8742609	0.64173913	0.90105	1.0	3487	tags=44%, list=29%, signal=62%	
MYOD_Q6_01	MYOD_Q6_01		158	-0.21548942	-0.8742158	0.75	0.8993187	1.0	2308	tags=21%, list=19%, signal=26%	
NRF2_01	NRF2_01		238	-0.20579185	-0.8732654	0.7889785	0.8999758	1.0	3452	tags=28%, list=29%, signal=38%	
DR1_Q3	DR1_Q3		175	-0.21462083	-0.8660926	0.76657456	0.9166628	1.0	2370	tags=26%, list=20%, signal=32%	
SMN1_SMN2_TARGET_GENES	SMN1_SMN2_TARGET_GENES		494	-0.1907908	-0.86598074	0.87454766	0.91505885	1.0	2277	tags=18%, list=19%, signal=22%	
ZMYM2_TARGET_GENES	ZMYM2_TARGET_GENES		105	-0.22436047	-0.8639422	0.74222225	0.9182512	1.0	2459	tags=23%, list=20%, signal=28%	
GATA1_03	GATA1_03		145	-0.21409646	-0.8613336	0.77209944	0.922842	1.0	1574	tags=14%, list=13%, signal=16%	
HNF4_01	HNF4_01		175	-0.20917435	-0.861009	0.8055556	0.9218007	1.0	2151	tags=18%, list=18%, signal=22%	
TGANNYRGCA_TCF11MAFG_01	TGANNYRGCA_TCF11MAFG_01		207	-0.20373754	-0.8562452	0.8186813	0.93140006	1.0	2823	tags=27%, list=24%, signal=35%	
WDHD1_TARGET_GENES	WDHD1_TARGET_GENES		148	-0.21207929	-0.8546517	0.802213	0.93328124	1.0	2513	tags=18%, list=21%, signal=22%	
ZMYND11_TARGET_GENES	ZMYND11_TARGET_GENES		35	-0.26634338	-0.84699845	0.7220447	0.9500409	1.0	3675	tags=46%, list=31%, signal=66%	
ZNF165_TARGET_GENES	ZNF165_TARGET_GENES		66	-0.23484515	-0.8463888	0.74608153	0.9495134	1.0	2529	tags=27%, list=21%, signal=34%	
ZNF582_TARGET_GENES	ZNF582_TARGET_GENES		51	-0.24735501	-0.8440888	0.725938	0.95293987	1.0	1490	tags=18%, list=12%, signal=20%	
MCM2_TARGET_GENES	MCM2_TARGET_GENES		50	-0.25070143	-0.8426015	0.72347265	0.9544055	1.0	2779	tags=32%, list=23%, signal=41%	
HAND1_TARGET_GENES	HAND1_TARGET_GENES		334	-0.19102979	-0.83954257	0.9129353	0.9592919	1.0	2514	tags=19%, list=21%, signal=24%	
HEY2_TARGET_GENES	HEY2_TARGET_GENES		42	-0.25894588	-0.83854085	0.720517	0.9596384	1.0	2147	tags=29%, list=18%, signal=35%	
CCCNNGGGAR_OLF1_01	CCCNNGGGAR_OLF1_01		207	-0.20008013	-0.83811414	0.8643148	0.9586076	1.0	2052	tags=17%, list=17%, signal=20%	
STAT6_02	STAT6_02		164	-0.20481019	-0.8351507	0.8303935	0.9633742	1.0	2070	tags=17%, list=17%, signal=20%	
TERF1_TARGET_GENES	TERF1_TARGET_GENES		173	-0.20383166	-0.8339658	0.81754875	0.96405524	1.0	1319	tags=12%, list=11%, signal=13%	
HNF6_Q6	HNF6_Q6		131	-0.21419635	-0.83373356	0.8231884	0.962606	1.0	1322	tags=13%, list=11%, signal=14%	
ELK1_01	ELK1_01		213	-0.19977123	-0.8324419	0.8532975	0.9634575	1.0	3063	tags=26%, list=26%, signal=35%	
ZNF549_TARGET_GENES	ZNF549_TARGET_GENES		451	-0.18553326	-0.83195746	0.91736525	0.9625679	1.0	1693	tags=15%, list=14%, signal=17%	
FOXJ2_TARGET_GENES	FOXJ2_TARGET_GENES		408	-0.18688408	-0.8306731	0.9226994	0.96345633	1.0	2448	tags=20%, list=20%, signal=25%	
CETS1P54_01	CETS1P54_01		217	-0.19721833	-0.83008426	0.88456374	0.9627995	1.0	3047	tags=22%, list=25%, signal=29%	
ATF4_Q2	ATF4_Q2		195	-0.20024146	-0.8286294	0.8685259	0.9639623	1.0	2387	tags=24%, list=20%, signal=30%	
MMEF2_Q6	MMEF2_Q6		157	-0.20478879	-0.82700086	0.8569405	0.965337	1.0	1587	tags=15%, list=13%, signal=17%	
RGTTAMWNATT_HNF1_01	RGTTAMWNATT_HNF1_01		33	-0.26801124	-0.82467866	0.73050845	0.9680635	1.0	989	tags=12%, list=8%, signal=13%	
AP2_Q3	AP2_Q3		181	-0.19936024	-0.82246697	0.86442953	0.9707098	1.0	1812	tags=14%, list=15%, signal=16%	
IRX2_TARGET_GENES	IRX2_TARGET_GENES		129	-0.20896614	-0.8221586	0.85212296	0.9693664	1.0	1957	tags=19%, list=16%, signal=23%	
ZNF586_TARGET_GENES	ZNF586_TARGET_GENES		21	-0.2932261	-0.8204738	0.73136914	0.9708235	1.0	1372	tags=19%, list=11%, signal=21%	
GR_Q6	GR_Q6		161	-0.2018324	-0.8198852	0.8783217	0.9701085	1.0	2093	tags=18%, list=17%, signal=22%	
GKCGCNNNNNNNTGAYG_UNKNOWN	GKCGCNNNNNNNTGAYG_UNKNOWN		55	-0.2417796	-0.8195563	0.7914692	0.968846	1.0	3793	tags=36%, list=32%, signal=53%	
SP1_Q4_01	SP1_Q4_01		194	-0.19608848	-0.81746215	0.88844085	0.971017	1.0	2701	tags=22%, list=22%, signal=28%	
ZNF595_TARGET_GENES	ZNF595_TARGET_GENES		73	-0.22569469	-0.81714994	0.7962675	0.9697076	1.0	3196	tags=34%, list=27%, signal=46%	
NFE2_01	NFE2_01		171	-0.20131342	-0.81649584	0.8719346	0.96910006	1.0	1744	tags=16%, list=15%, signal=18%	
CREB3_TARGET_GENES	CREB3_TARGET_GENES		303	-0.18764746	-0.8159554	0.9208174	0.9682744	1.0	3376	tags=30%, list=28%, signal=41%	
OLF1_01	OLF1_01		161	-0.20138969	-0.8155212	0.871547	0.9672851	1.0	2823	tags=25%, list=24%, signal=33%	
OSF2_Q6	OSF2_Q6		167	-0.1986494	-0.81360424	0.890625	0.9688985	1.0	1292	tags=10%, list=11%, signal=11%	
ETS_Q4	ETS_Q4		172	-0.19917841	-0.8126819	0.8931507	0.9687596	1.0	1032	tags=8%, list=9%, signal=9%	
PGM3_TARGET_GENES	PGM3_TARGET_GENES		235	-0.19201057	-0.81215554	0.9067017	0.9679257	1.0	1889	tags=17%, list=16%, signal=19%	
TAL1BETAITF2_01	TAL1BETAITF2_01		143	-0.20169684	-0.81206626	0.86609685	0.96625036	1.0	2902	tags=28%, list=24%, signal=36%	
RYTGCNNRGNAAC_MIF1_01	RYTGCNNRGNAAC_MIF1_01		68	-0.22403814	-0.81077087	0.8028169	0.9667481	1.0	2293	tags=24%, list=19%, signal=29%	
ZA_UNIPROT_Q9UM89_UNREVIEWED_TARGET_GENES	ZA_UNIPROT_Q9UM89_UNREVIEWED_TARGET_GENES		49	-0.24235788	-0.809675	0.7813505	0.9668517	1.0	2288	tags=24%, list=19%, signal=30%	
MAML1_TARGET_GENES	MAML1_TARGET_GENES		155	-0.20105529	-0.80927086	0.8751753	0.9656945	1.0	2762	tags=25%, list=23%, signal=31%	
ZSCAN5B_TARGET_GENES	ZSCAN5B_TARGET_GENES		48	-0.24150924	-0.8059351	0.7799353	0.96946156	1.0	2612	tags=21%, list=22%, signal=27%	
NKX22_01	NKX22_01		114	-0.20606081	-0.80104	0.8627737	0.9756166	1.0	2385	tags=18%, list=20%, signal=23%	
CDX1_TARGET_GENES	CDX1_TARGET_GENES		30	-0.26089337	-0.79701763	0.76500857	0.9802282	1.0	1949	tags=23%, list=16%, signal=28%	
ZNF547_TARGET_GENES	ZNF547_TARGET_GENES		124	-0.20230313	-0.7941571	0.8628912	0.9828183	1.0	1346	tags=13%, list=11%, signal=14%	
YKACATTT_UNKNOWN	YKACATTT_UNKNOWN		184	-0.19047378	-0.79399943	0.9127989	0.9812039	1.0	1758	tags=15%, list=15%, signal=17%	
P300_01	P300_01		185	-0.19021054	-0.79290366	0.9324138	0.9810029	1.0	1494	tags=10%, list=12%, signal=12%	
ZNF579_TARGET_GENES	ZNF579_TARGET_GENES		493	-0.17328306	-0.790928	0.98207885	0.9822072	1.0	3000	tags=24%, list=25%, signal=30%	
PEA3_Q6	PEA3_Q6		167	-0.1950296	-0.79053146	0.91201115	0.9809436	1.0	882	tags=9%, list=7%, signal=10%	
AMEF2_Q6	AMEF2_Q6		144	-0.19385293	-0.78955674	0.91046834	0.98057973	1.0	2051	tags=17%, list=17%, signal=21%	
ZNF558_TARGET_GENES	ZNF558_TARGET_GENES		199	-0.18849713	-0.7888554	0.9247911	0.979847	1.0	2644	tags=23%, list=22%, signal=29%	
NR1D1_TARGET_GENES	NR1D1_TARGET_GENES		98	-0.20673127	-0.7846524	0.86917293	0.98425674	1.0	1791	tags=18%, list=15%, signal=21%	
EVI1_02	EVI1_02		72	-0.21593241	-0.78047097	0.85627836	0.9881872	1.0	1210	tags=11%, list=10%, signal=12%	
ARGGGTTAA_UNKNOWN	ARGGGTTAA_UNKNOWN		70	-0.21882974	-0.7802423	0.8695652	0.98670226	1.0	1075	tags=11%, list=9%, signal=12%	
E2F_Q2	E2F_Q2		137	-0.19770746	-0.7793829	0.9166667	0.98602533	1.0	3349	tags=31%, list=28%, signal=42%	
BCL6B_TARGET_GENES	BCL6B_TARGET_GENES		119	-0.1976184	-0.77655345	0.9142857	0.9879997	1.0	2381	tags=23%, list=20%, signal=28%	
ZNF704_TARGET_GENES	ZNF704_TARGET_GENES		62	-0.22220701	-0.77557915	0.8764045	0.9873529	1.0	1119	tags=15%, list=9%, signal=16%	
PBXIP1_TARGET_GENES	PBXIP1_TARGET_GENES		125	-0.19821666	-0.77507097	0.89928055	0.9862033	1.0	1921	tags=16%, list=16%, signal=19%	
MEIS1_01	MEIS1_01		156	-0.19075069	-0.7724013	0.92669433	0.9876348	1.0	2385	tags=22%, list=20%, signal=27%	
HOXD1_TARGET_GENES	HOXD1_TARGET_GENES		44	-0.23468533	-0.7693289	0.8344262	0.9895096	1.0	2583	tags=25%, list=22%, signal=32%	
RNCTGNYNRNCTGNY_UNKNOWN	RNCTGNYNRNCTGNY_UNKNOWN		47	-0.228731	-0.7686279	0.81974924	0.9885207	1.0	1918	tags=19%, list=16%, signal=23%	
YRTCANNRCGC_UNKNOWN	YRTCANNRCGC_UNKNOWN		46	-0.22985224	-0.7635	0.85396826	0.99253404	1.0	1899	tags=17%, list=16%, signal=21%	
TASOR_TARGET_GENES	TASOR_TARGET_GENES		238	-0.17861545	-0.76316655	0.96666664	0.99114704	1.0	3068	tags=26%, list=26%, signal=35%	
ETF_Q6	ETF_Q6		92	-0.20100917	-0.7624481	0.9040698	0.990121	1.0	1419	tags=10%, list=12%, signal=11%	
ZNF85_TARGET_GENES	ZNF85_TARGET_GENES		255	-0.17653817	-0.7621389	0.97290325	0.9886823	1.0	3430	tags=30%, list=29%, signal=41%	
ARID3B_TARGET_GENES	ARID3B_TARGET_GENES		62	-0.21748531	-0.75645804	0.8643791	0.99286187	1.0	1674	tags=16%, list=14%, signal=19%	
RYTAAWNNNTGAY_UNKNOWN	RYTAAWNNNTGAY_UNKNOWN		30	-0.2467424	-0.754114	0.8274112	0.99357706	1.0	426	tags=7%, list=4%, signal=7%	
ZNF697_TARGET_GENES	ZNF697_TARGET_GENES		40	-0.23648737	-0.7537187	0.84902596	0.9922072	1.0	3408	tags=35%, list=28%, signal=49%	
DROSHA_TARGET_GENES	DROSHA_TARGET_GENES		48	-0.22257072	-0.753455	0.8411371	0.9906404	1.0	2131	tags=17%, list=18%, signal=20%	
ELF1_Q6	ELF1_Q6		168	-0.18581346	-0.7526201	0.9589041	0.9896604	1.0	2041	tags=18%, list=17%, signal=21%	
TEL2_Q6	TEL2_Q6		189	-0.18230031	-0.749961	0.960274	0.99035144	1.0	3413	tags=29%, list=28%, signal=40%	
SIRT3_TARGET_GENES	SIRT3_TARGET_GENES		32	-0.23762612	-0.7493525	0.8590164	0.9891221	1.0	3266	tags=34%, list=27%, signal=47%	
TRIP13_TARGET_GENES	TRIP13_TARGET_GENES		67	-0.21031865	-0.74569064	0.9068323	0.99080515	1.0	1121	tags=12%, list=9%, signal=13%	
COUP_DR1_Q6	COUP_DR1_Q6		179	-0.1812706	-0.7425179	0.9669876	0.9919202	1.0	2370	tags=20%, list=20%, signal=25%	
HNF4_01_B	HNF4_01_B		174	-0.17847581	-0.7338134	0.97029704	0.9971646	1.0	2373	tags=17%, list=20%, signal=21%	
GCNF_01	GCNF_01		47	-0.22085674	-0.72970504	0.8910891	0.9983584	1.0	992	tags=11%, list=8%, signal=12%	
LMX1B_TARGET_GENES	LMX1B_TARGET_GENES		17	-0.27507877	-0.7220568	0.8414179	1.0	1.0	3882	tags=53%, list=32%, signal=78%	
ZNF34_TARGET_GENES	ZNF34_TARGET_GENES		56	-0.20903298	-0.7208864	0.9052795	1.0	1.0	1838	tags=18%, list=15%, signal=21%	
ER_Q6_02	ER_Q6_02		160	-0.17650124	-0.7206971	0.978355	0.9992071	1.0	2760	tags=25%, list=23%, signal=32%	
ZNF426_TARGET_GENES	ZNF426_TARGET_GENES		42	-0.22556372	-0.72029555	0.87440383	0.99766666	1.0	3408	tags=33%, list=28%, signal=46%	
MAZ_Q6	MAZ_Q6		140	-0.17999756	-0.71963793	0.97605634	0.99631906	1.0	1231	tags=11%, list=10%, signal=12%	
SREBP1_01	SREBP1_01		139	-0.17934562	-0.7147539	0.9732017	0.9975357	1.0	2700	tags=18%, list=22%, signal=23%	
SP1_Q6	SP1_Q6		196	-0.17179343	-0.71367204	0.9810298	0.99639434	1.0	2419	tags=19%, list=20%, signal=23%	
SETBP1_TARGET_GENES	SETBP1_TARGET_GENES		159	-0.17453587	-0.71262324	0.98161244	0.9952302	1.0	4120	tags=37%, list=34%, signal=56%	
ADNP_TARGET_GENES	ADNP_TARGET_GENES		58	-0.20626895	-0.7107933	0.93977815	0.9945381	1.0	2979	tags=33%, list=25%, signal=43%	
TAXCREB_02	TAXCREB_02		18	-0.26212132	-0.7055582	0.85818183	0.99567753	1.0	1813	tags=22%, list=15%, signal=26%	
ZNF486_TARGET_GENES	ZNF486_TARGET_GENES		120	-0.17879674	-0.6953501	0.98557	0.9989119	1.0	1995	tags=17%, list=17%, signal=20%	
NPAT_TARGET_GENES	NPAT_TARGET_GENES		208	-0.16606832	-0.68980247	0.9986541	0.999552	1.0	3658	tags=33%, list=30%, signal=47%	
YY1_02	YY1_02		215	-0.16391487	-0.6887142	0.9946309	0.9982717	1.0	1721	tags=12%, list=14%, signal=13%	
ZNF622_TARGET_GENES	ZNF622_TARGET_GENES		58	-0.19860806	-0.6869797	0.928	0.99724686	1.0	1983	tags=17%, list=17%, signal=21%	
GATA2_01	GATA2_01		75	-0.18873061	-0.68481153	0.9648318	0.9962524	1.0	1542	tags=15%, list=13%, signal=17%	
RSRFC4_Q2	RSRFC4_Q2		116	-0.17505878	-0.6791218	0.98689955	0.99645454	1.0	2247	tags=21%, list=19%, signal=25%	
HJURP_TARGET_GENES	HJURP_TARGET_GENES		21	-0.24004905	-0.67729026	0.90172416	0.99531126	1.0	1889	tags=19%, list=16%, signal=23%	
AAGWWRNYGGC_UNKNOWN	AAGWWRNYGGC_UNKNOWN		101	-0.17263204	-0.65354615	0.98224854	1.0	1.0	3242	tags=27%, list=27%, signal=36%	
MSX1_TARGET_GENES	MSX1_TARGET_GENES		154	-0.15872058	-0.6383592	1.0	1.0	1.0	3293	tags=29%, list=27%, signal=40%	
TNCATNTCCYR_UNKNOWN	TNCATNTCCYR_UNKNOWN		109	-0.16484793	-0.63723725	0.9913669	1.0	1.0	2699	tags=21%, list=22%, signal=27%	
MZF1_02	MZF1_02		170	-0.15608938	-0.6370777	0.9985896	0.99842805	1.0	2311	tags=17%, list=19%, signal=21%	
RLF_TARGET_GENES	RLF_TARGET_GENES		282	-0.14628801	-0.6341927	1.0	0.997158	1.0	2965	tags=21%, list=25%, signal=27%	
ZSCAN18_TARGET_GENES	ZSCAN18_TARGET_GENES		39	-0.19737056	-0.6277554	0.96677214	0.9965004	1.0	2708	tags=23%, list=23%, signal=30%	
ACAWYAAAG_UNKNOWN	ACAWYAAAG_UNKNOWN		61	-0.17781392	-0.62289524	0.9890454	0.99548537	1.0	2649	tags=25%, list=22%, signal=31%	
ZNF524_TARGET_GENES	ZNF524_TARGET_GENES		296	-0.13953634	-0.59957886	1.0	0.9963021	1.0	3422	tags=28%, list=28%, signal=38%	
FOXC1_TARGET_GENES	FOXC1_TARGET_GENES		25	-0.19992068	-0.59252626	0.9604811	0.9952362	1.0	2956	tags=32%, list=25%, signal=42%	
